p,m,n,q,df,average ugamma rank,average ugamma_unbiased rank,average skewedd,average kurtosis,distribution,convergence rate,T,T+T_B,T+T_S,T+T_S2,T+T_E1,T+T_E2,T+T_3,T_SB,T_SB+T_B,T_SB+T_S,T_SB+T_S2,T_SB+T_E1,T_SB+T_E2,T_SB+T_3,T_cor1,T_cor1+T_B,T_cor1+T_S,T_cor1+T_S2,T_cor1+T_E1,T_cor1+T_E2,T_cor1+T_3,T_MVA,T_MVA+T_B,T_MVA+T_S,T_MVA+T_S2,T_MVA+T_E1,T_MVA+T_E2,T_MVA+T_3,T_MVA2,T_MVA2+T_B,T_MVA2+T_S,T_MVA2+T_S2,T_MVA2+T_E1,T_MVA2+T_E2,T_MVA2+T_3,T_cor2,T_cor2+T_B,T_cor2+T_S,T_cor2+T_S2,T_cor2+T_E1,T_cor2+T_E2,T_cor2+T_3,T_cor3,T_cor3+T_B,T_cor3+T_S,T_cor3+T_S2,T_cor3+T_E1,T_cor3+T_E2,T_cor3+T_3,T_cor4,T_cor4+T_B,T_cor4+T_S,T_cor4+T_S2,T_cor4+T_E1,T_cor4+T_E2,T_cor4+T_3,T_cor5,T_cor5+T_B,T_cor5+T_S,T_cor5+T_S2,T_cor5+T_E1,T_cor5+T_E2,T_cor5+T_3,T_SB^U,T_MVA^U,T_cor1^1,T_MVA2^U,average rmse,average bias of se (gamma_u),ad value T,ad value T_SB,ad value T_cor1,ad value T_MVA,ad value T_MVA2,ad value T_cor2,ad value T_cor3,ad value T_cor4,ad value T_cor5,ad value T_SB^U,ad value T_MVA^U,ad value T_cor1^1,ad value T_MVA2^U
5,1,40,10,5,5,5,5.365153761,3.868340059,normal,1,0.052,0.033,0.035,0.035,0.033,0.033,0.033,0.067,0.05,0.057,0.057,0.05,0.05,0.05,0.067,0.05,0.057,0.057,0.05,0.05,0.05,0.05,0.035,0.039,0.039,0.035,0.035,0.035,0.069,0.049,0.053,0.053,0.049,0.049,0.049,0.067,0.05,0.057,0.057,0.05,0.05,0.05,0.067,0.05,0.057,0.057,0.05,0.05,0.05,0.06,0.045,0.049,0.049,0.045,0.045,0.045,0.068,0.051,0.055,0.055,0.051,0.051,0.051,0.053,0.053,0.036,0.052,0.123923857,0.057570298,0.550792201,11.67010813,11.67010813,19.95143059,9.020014172,11.67010813,11.67010813,14.81572546,10.12720178,0.960869397,0.960869397,8.37404182,0.476755343
5,1,60,10,5,5,5,5.232171004,4.140783995,normal,1,0.05,0.039,0.04,0.04,0.039,0.039,0.039,0.062,0.047,0.049,0.049,0.047,0.047,0.047,0.062,0.047,0.049,0.049,0.047,0.047,0.047,0.045,0.028,0.033,0.033,0.028,0.028,0.028,0.058,0.048,0.05,0.05,0.048,0.048,0.048,0.062,0.047,0.049,0.049,0.047,0.047,0.047,0.062,0.047,0.049,0.049,0.047,0.047,0.047,0.05,0.041,0.044,0.044,0.041,0.041,0.041,0.058,0.047,0.049,0.049,0.047,0.047,0.047,0.047,0.047,0.031,0.049,0.093131485,0.041353505,0.391334811,4.451517409,4.451517409,9.408248532,3.559355067,4.451517409,4.451517409,6.343486548,3.898224832,0.495819889,0.495819889,4.594446892,0.643807533
5,1,100,10,5,5,5,5.137563826,4.429249093,normal,1,0.049,0.04,0.041,0.041,0.04,0.04,0.04,0.05,0.042,0.045,0.045,0.042,0.042,0.042,0.05,0.042,0.045,0.045,0.042,0.042,0.042,0.04,0.035,0.035,0.035,0.035,0.035,0.035,0.049,0.043,0.046,0.046,0.042,0.043,0.043,0.05,0.042,0.045,0.045,0.042,0.042,0.042,0.05,0.042,0.045,0.045,0.042,0.042,0.042,0.044,0.036,0.038,0.038,0.036,0.036,0.036,0.049,0.042,0.045,0.045,0.042,0.042,0.042,0.044,0.044,0.035,0.046,0.061289193,0.02054796,1.871613087,5.540276544,5.540276544,8.004528018,4.96121274,5.540276544,5.540276544,6.524988698,5.206677967,2.029515396,2.029515396,4.269110412,1.768070131
5,1,200,10,5,5,5,5.06247377,4.684302975,normal,1,0.051,0.047,0.047,0.047,0.047,0.047,0.047,0.058,0.055,0.055,0.055,0.054,0.055,0.055,0.058,0.055,0.055,0.055,0.054,0.055,0.055,0.05,0.049,0.049,0.049,0.049,0.049,0.049,0.058,0.053,0.054,0.054,0.053,0.053,0.053,0.058,0.055,0.055,0.055,0.054,0.055,0.055,0.058,0.055,0.055,0.055,0.054,0.055,0.055,0.055,0.049,0.049,0.049,0.049,0.049,0.049,0.058,0.055,0.055,0.055,0.055,0.055,0.055,0.055,0.055,0.049,0.054,0.045371439,0.022794352,3.715426588,5.473383397,5.473383397,7.117658539,4.824837485,5.473383397,5.473383397,6.222875341,5.140198306,3.544413044,3.544413044,5.14147545,2.83820178
5,1,300,10,5,5,5,5.042230464,4.784186996,normal,1,0.054,0.051,0.052,0.052,0.051,0.051,0.051,0.057,0.052,0.053,0.053,0.052,0.052,0.053,0.057,0.052,0.053,0.053,0.052,0.052,0.053,0.053,0.051,0.051,0.051,0.051,0.051,0.051,0.055,0.053,0.053,0.053,0.053,0.053,0.053,0.057,0.052,0.053,0.053,0.052,0.052,0.053,0.057,0.052,0.053,0.053,0.052,0.052,0.053,0.053,0.052,0.052,0.052,0.052,0.052,0.052,0.056,0.053,0.053,0.053,0.053,0.053,0.053,0.053,0.053,0.051,0.053,0.041720363,0.021122055,2.375076728,3.356519344,3.356519344,4.131321672,3.055554538,3.356519344,3.356519344,3.709691224,3.2024121,2.30655332,2.30655332,3.051915313,1.972811132
5,1,500,10,5,5,5,5.025280465,4.866789247,normal,1,0.057,0.056,0.057,0.057,0.056,0.056,0.056,0.061,0.058,0.059,0.059,0.058,0.058,0.058,0.061,0.058,0.059,0.059,0.058,0.058,0.058,0.057,0.055,0.055,0.055,0.055,0.055,0.055,0.061,0.058,0.058,0.058,0.058,0.058,0.058,0.061,0.058,0.059,0.059,0.058,0.058,0.058,0.061,0.058,0.059,0.059,0.058,0.058,0.058,0.059,0.057,0.058,0.058,0.057,0.057,0.057,0.061,0.058,0.058,0.058,0.058,0.058,0.058,0.058,0.058,0.055,0.058,0.028236864,0.019419443,3.704375106,4.675403149,4.675403149,5.14732723,4.512925741,4.675403149,4.675403149,4.89836238,4.592754232,3.88243706,3.88243706,4.346139167,3.673303882
5,1,1000,10,5,5,5,5.01321713,4.932315901,normal,1,0.056,0.054,0.054,0.054,0.054,0.054,0.054,0.058,0.058,0.058,0.058,0.058,0.058,0.058,0.058,0.058,0.058,0.058,0.058,0.058,0.058,0.058,0.056,0.056,0.056,0.056,0.056,0.056,0.058,0.058,0.058,0.058,0.058,0.058,0.058,0.058,0.058,0.058,0.058,0.058,0.058,0.058,0.058,0.058,0.058,0.058,0.058,0.058,0.058,0.058,0.058,0.058,0.058,0.058,0.058,0.058,0.058,0.058,0.058,0.058,0.058,0.058,0.058,0.058,0.058,0.056,0.058,0.022247277,0.020080725,0.287763714,0.372435969,0.372435969,0.33991678,0.371024174,0.372435969,0.372435969,0.352234264,0.371274624,0.315618862,0.315618862,0.276742912,0.326091958
15,3,40,33,87,39,87,96.33340694,19.99947802,normal,1,0.047,0.001,0.002,0,0.002,0.002,0.002,0.14,0.002,0.009,0,0.005,0.005,0.005,0.029,0.001,0.001,0,0.001,0.001,0.001,0.003,0,0.001,0,0.001,0.001,0.001,0.141,0.002,0.008,0,0.003,0.003,0.003,0,0,0,0,0,0,0,0.001,0,0,0,0,0,0,0.02,0.001,0.001,0,0.001,0.001,0.001,0.14,0.002,0.009,0,0.004,0.004,0.004,0.045,0.045,0.001,0.02,0.12622683,0.075285647,9.059357218,194.2748416,153.9758092,175.5359605,194.8286365,2799.570463,1040.694056,158.9086977,194.3459311,8.224896914,8.224896914,109.705083,16.83496938
15,3,60,33,87,59,87,93.32708474,27.08471377,normal,1,0.046,0.004,0.007,0,0.006,0.006,0.006,0.086,0.01,0.02,0.007,0.016,0.016,0.016,0.048,0.003,0.007,0.003,0.006,0.006,0.006,0.007,0,0.001,0,0,0,0,0.087,0.01,0.02,0.006,0.011,0.011,0.011,0.003,0,0,0,0,0,0,0.005,0,0,0,0,0,0,0.024,0.001,0.003,0.001,0.003,0.003,0.003,0.086,0.01,0.021,0.007,0.013,0.013,0.013,0.044,0.044,0.003,0.035,0.09634295,0.062438459,3.626831253,78.20875753,75.85286217,113.4474039,75.68787896,480.0089423,277.7290657,82.73015909,76.85131373,3.172591621,3.172591621,78.16623344,5.566516619
15,3,100,33,87,87,87,90.98281071,37.46444613,normal,1,0.047,0.011,0.016,0.016,0.012,0.012,0.012,0.066,0.021,0.028,0.028,0.025,0.025,0.025,0.066,0.021,0.028,0.028,0.025,0.025,0.025,0.01,0.001,0.002,0.002,0.001,0.001,0.001,0.064,0.02,0.026,0.026,0.023,0.023,0.023,0.066,0.021,0.028,0.028,0.025,0.025,0.025,0.066,0.021,0.028,0.028,0.025,0.025,0.025,0.029,0.003,0.008,0.008,0.005,0.005,0.005,0.065,0.02,0.028,0.028,0.023,0.023,0.023,0.041,0.041,0.003,0.036,0.062507057,0.023713766,0.870336006,20.09598933,20.09598933,56.66738752,18.46544517,20.09598933,20.09598933,31.39159239,19.23448075,0.631168113,0.631168113,43.38279989,0.816081813
15,3,200,33,87,87,87,89.09829177,52.50536406,normal,1,0.038,0.022,0.023,0.023,0.023,0.023,0.023,0.05,0.027,0.031,0.031,0.029,0.029,0.029,0.05,0.027,0.031,0.031,0.029,0.029,0.029,0.023,0.009,0.012,0.012,0.01,0.01,0.01,0.052,0.028,0.031,0.031,0.029,0.029,0.029,0.05,0.027,0.031,0.031,0.029,0.029,0.029,0.05,0.027,0.031,0.031,0.029,0.029,0.029,0.031,0.017,0.023,0.023,0.019,0.019,0.019,0.052,0.028,0.031,0.031,0.029,0.029,0.029,0.038,0.038,0.015,0.037,0.045356097,0.017618703,0.635599632,4.729711475,4.729711475,20.22133763,4.489906415,4.729711475,4.729711475,9.418043963,4.593853409,0.58654151,0.58654151,16.44702928,0.728591349
15,3,300,33,87,87,87,88.33118194,60.47681284,normal,1,0.038,0.027,0.028,0.028,0.028,0.028,0.028,0.045,0.03,0.033,0.033,0.032,0.032,0.032,0.045,0.03,0.033,0.033,0.032,0.032,0.032,0.022,0.013,0.015,0.015,0.015,0.015,0.015,0.045,0.029,0.032,0.032,0.032,0.032,0.032,0.045,0.03,0.033,0.033,0.032,0.032,0.032,0.045,0.03,0.033,0.033,0.032,0.032,0.032,0.033,0.021,0.022,0.022,0.022,0.022,0.022,0.045,0.03,0.033,0.033,0.032,0.032,0.032,0.037,0.037,0.016,0.037,0.042389042,0.018662049,1.019249319,3.369424547,3.369424547,15.07688814,3.044579313,3.369424547,3.369424547,7.631481431,3.201174857,0.90625798,0.90625798,12.69078455,0.78508838
15,3,500,33,87,87,87,87.7594247,68.84860549,normal,1,0.051,0.037,0.04,0.04,0.038,0.038,0.038,0.058,0.043,0.045,0.045,0.044,0.044,0.044,0.058,0.043,0.045,0.045,0.044,0.044,0.044,0.035,0.029,0.029,0.029,0.029,0.029,0.029,0.058,0.043,0.045,0.045,0.043,0.043,0.043,0.058,0.043,0.045,0.045,0.044,0.044,0.044,0.058,0.043,0.045,0.045,0.044,0.044,0.044,0.043,0.034,0.036,0.036,0.035,0.035,0.035,0.058,0.043,0.045,0.045,0.043,0.043,0.043,0.052,0.052,0.033,0.052,0.029020094,0.015113597,0.372381065,1.870986128,1.870986128,6.101023482,1.744534096,1.870986128,1.870986128,3.207104656,1.805180937,0.421552719,0.421552719,4.667540261,0.36459072
15,3,1000,33,87,87,87,87.38835086,76.87570366,normal,1,0.034,0.03,0.032,0.032,0.032,0.032,0.032,0.039,0.034,0.034,0.034,0.034,0.034,0.034,0.039,0.034,0.034,0.034,0.034,0.034,0.034,0.029,0.026,0.026,0.026,0.026,0.026,0.026,0.039,0.034,0.035,0.035,0.034,0.034,0.034,0.039,0.034,0.034,0.034,0.034,0.034,0.034,0.039,0.034,0.034,0.034,0.034,0.034,0.034,0.034,0.028,0.029,0.029,0.029,0.029,0.029,0.039,0.034,0.034,0.034,0.034,0.034,0.034,0.037,0.037,0.028,0.037,0.022337164,0.016806621,0.701833823,0.862328897,0.862328897,1.937885766,0.871327853,0.862328897,0.862328897,1.16033859,0.866222579,0.676767377,0.676767377,1.714369178,0.704990366
30,3,100,63,402,99,402,417.0296037,65.20276529,normal,1,0.05,0.001,0.002,0,0.001,0.001,0.001,0.117,0.002,0.002,0,0.002,0.002,0.002,0.004,0,0,0,0,0,0,0.001,0,0,0,0,0,0,0.116,0.002,0.002,0,0.002,0.002,0.002,0,0,0,0,0,0,0,0,0,0,0,0,0,0,0.007,0,0,0,0,0,0,0.117,0.002,0.002,0,0.002,0.002,0.002,0.051,0.051,0,0.035,0.059440117,0.021154055,3.437616616,122.3122555,134.8740362,161.681147,120.9366893,Inf,Inf,112.6891227,121.5875922,3.281964378,3.281964378,131.1519101,8.168512764
30,3,200,63,402,199,402,410.4661254,112.9769384,normal,1,0.057,0.007,0.008,0,0.007,0.007,0.007,0.085,0.009,0.012,0.002,0.012,0.012,0.012,0.022,0.002,0.003,0,0.002,0.002,0.002,0.003,0,0,0,0,0,0,0.087,0.009,0.012,0.002,0.009,0.009,0.009,0,0,0,0,0,0,0,0,0,0,0,0,0,0,0.012,0.002,0.002,0,0.002,0.002,0.002,0.086,0.009,0.012,0.002,0.011,0.011,0.011,0.059,0.059,0.002,0.05,0.040419855,0.019988665,0.721152171,26.53440447,46.71746036,87.13081705,25.6582878,13154.27028,6588.405849,43.13553952,26.08446427,0.77355399,0.77355399,75.92271927,1.080549603
30,3,300,63,402,299,402,407.6496248,148.8677237,normal,1,0.054,0.01,0.013,0.007,0.011,0.011,0.011,0.07,0.014,0.017,0.011,0.014,0.015,0.015,0.045,0.007,0.009,0.007,0.007,0.007,0.007,0.007,0.004,0.004,0.004,0.004,0.004,0.004,0.07,0.014,0.017,0.01,0.015,0.015,0.015,0,0,0,0,0,0,0,0.001,0,0,0,0,0,0,0.017,0.005,0.007,0.005,0.005,0.005,0.005,0.07,0.014,0.017,0.011,0.015,0.015,0.015,0.054,0.054,0.006,0.051,0.037384418,0.017134919,0.716394056,16.14769095,19.14682712,57.66928815,15.71507863,1957.904824,1429.960154,27.20360558,15.92601123,0.953782076,0.953782076,49.8454683,0.884774055
30,3,500,63,402,402,402,405.4700694,199.2448286,normal,1,0.06,0.027,0.029,0.029,0.027,0.027,0.027,0.066,0.033,0.036,0.036,0.034,0.034,0.034,0.066,0.033,0.036,0.036,0.034,0.034,0.034,0.017,0.005,0.005,0.005,0.005,0.005,0.005,0.065,0.033,0.036,0.036,0.033,0.033,0.033,0.066,0.033,0.036,0.036,0.034,0.034,0.034,0.066,0.033,0.036,0.036,0.034,0.034,0.034,0.035,0.012,0.016,0.016,0.012,0.012,0.012,0.065,0.033,0.036,0.036,0.034,0.034,0.034,0.058,0.058,0.011,0.057,0.027682697,0.018637604,0.269967666,4.108293613,4.108293613,29.25038365,3.952989792,4.108293613,4.108293613,11.21860595,4.028033519,0.268956952,0.268956952,26.48413071,0.257797601
30,3,1000,63,402,402,402,403.68244,266.4942223,normal,1,0.038,0.028,0.029,0.029,0.028,0.028,0.028,0.043,0.028,0.032,0.032,0.029,0.029,0.029,0.043,0.028,0.032,0.032,0.029,0.029,0.029,0.017,0.009,0.009,0.009,0.009,0.009,0.009,0.043,0.028,0.031,0.031,0.029,0.029,0.029,0.043,0.028,0.032,0.032,0.029,0.029,0.029,0.043,0.028,0.032,0.032,0.029,0.029,0.029,0.028,0.016,0.017,0.017,0.017,0.017,0.017,0.043,0.028,0.031,0.031,0.029,0.029,0.029,0.039,0.039,0.015,0.039,0.020107654,0.01906196,0.88202884,0.711294621,0.711294621,11.75907402,0.679072576,0.711294621,0.711294621,4.094279512,0.694608862,0.871772903,0.871772903,11.65375148,0.886460125
5,1,40,10,5,5,5,7.194985912,3.062664606,elliptical,0.999,0.233233233,0.193193193,0.203203203,0.203203203,0.191191191,0.193193193,0.193193193,0.077077077,0.051051051,0.056056056,0.056056056,0.051051051,0.051051051,0.051051051,0.077077077,0.051051051,0.056056056,0.056056056,0.051051051,0.051051051,0.051051051,0.036036036,0.017017017,0.02002002,0.02002002,0.017017017,0.017017017,0.017017017,0.096096096,0.063063063,0.067067067,0.067067067,0.062062062,0.063063063,0.063063063,0.077077077,0.051051051,0.056056056,0.056056056,0.051051051,0.051051051,0.051051051,0.077077077,0.051051051,0.056056056,0.056056056,0.051051051,0.051051051,0.051051051,0.054054054,0.035035035,0.037037037,0.037037037,0.035035035,0.035035035,0.035035035,0.083083083,0.057057057,0.063063063,0.063063063,0.057057057,0.057057057,0.057057057,0.052052052,0.052052052,0.018018018,0.055055055,0.154390391,0.21602315,312.5720157,47.37658816,47.37658816,80.70842116,38.76911484,47.37658816,47.37658816,61.151143,41.39149161,16.95846669,16.95846669,53.83421381,10.58261399
5,1,60,10,5,5,5,6.755200733,3.253129819,elliptical,1,0.266,0.242,0.249,0.249,0.242,0.242,0.242,0.057,0.043,0.05,0.05,0.043,0.043,0.043,0.057,0.043,0.05,0.05,0.043,0.043,0.043,0.022,0.018,0.018,0.018,0.018,0.018,0.018,0.071,0.053,0.056,0.056,0.053,0.053,0.053,0.057,0.043,0.05,0.05,0.043,0.043,0.043,0.057,0.043,0.05,0.05,0.043,0.043,0.043,0.039,0.024,0.028,0.028,0.024,0.024,0.024,0.062,0.048,0.051,0.051,0.048,0.048,0.048,0.043,0.043,0.018,0.048,0.146215473,0.189321129,393.7931207,31.86123627,31.86123627,62.4634099,23.32174918,31.86123627,31.86123627,45.02597334,26.67228155,15.2143237,15.2143237,46.75325111,8.522276759
5,1,100,10,5,5,5,6.718261165,3.429110643,elliptical,1,0.321,0.309,0.311,0.311,0.309,0.309,0.309,0.049,0.041,0.044,0.044,0.041,0.042,0.042,0.049,0.041,0.044,0.044,0.041,0.042,0.042,0.023,0.019,0.019,0.019,0.019,0.019,0.019,0.059,0.048,0.051,0.051,0.048,0.048,0.048,0.049,0.041,0.044,0.044,0.041,0.042,0.042,0.049,0.041,0.044,0.044,0.041,0.042,0.042,0.033,0.025,0.026,0.026,0.025,0.025,0.025,0.054,0.044,0.044,0.044,0.044,0.044,0.044,0.041,0.041,0.019,0.046,0.133233357,0.141987977,521.6323248,16.77795886,16.77795886,40.38659269,10.04016162,16.77795886,16.77795886,26.97493811,12.56721527,9.585472001,9.585472001,32.81218109,3.95119515
5,1,200,10,5,5,5,6.323579415,3.661973008,elliptical,1,0.349,0.339,0.341,0.341,0.339,0.339,0.339,0.055,0.054,0.054,0.054,0.054,0.054,0.054,0.055,0.054,0.054,0.054,0.054,0.054,0.054,0.038,0.034,0.034,0.034,0.034,0.034,0.034,0.063,0.059,0.059,0.059,0.059,0.059,0.059,0.055,0.054,0.054,0.054,0.054,0.054,0.054,0.055,0.054,0.054,0.054,0.054,0.054,0.054,0.046,0.042,0.044,0.044,0.042,0.042,0.042,0.058,0.055,0.055,0.055,0.055,0.055,0.055,0.054,0.054,0.034,0.058,0.086001505,0.11893538,629.8490913,6.767886717,6.767886717,23.88615698,2.7398825,6.767886717,6.767886717,13.94876236,4.056756105,4.62017611,4.62017611,21.11301185,1.180258181
5,1,300,10,5,5,5,6.102013013,3.754711434,elliptical,1,0.387,0.381,0.382,0.382,0.381,0.381,0.381,0.053,0.051,0.052,0.052,0.051,0.051,0.052,0.053,0.051,0.052,0.052,0.051,0.051,0.052,0.035,0.033,0.033,0.033,0.033,0.033,0.033,0.053,0.053,0.053,0.053,0.053,0.053,0.053,0.053,0.051,0.052,0.052,0.051,0.051,0.052,0.053,0.051,0.052,0.052,0.051,0.051,0.052,0.042,0.04,0.04,0.04,0.04,0.04,0.04,0.053,0.052,0.052,0.052,0.052,0.052,0.052,0.051,0.051,0.033,0.052,0.06450643,0.134476711,815.7875245,12.11789489,12.11789489,30.1729236,6.946133544,12.11789489,12.11789489,20.04426506,9.032970037,10.01800997,10.01800997,27.85645631,5.180036694
5,1,500,10,5,5,5,5.868060376,3.908195297,elliptical,1,0.438,0.435,0.436,0.436,0.435,0.435,0.435,0.038,0.036,0.036,0.036,0.036,0.036,0.036,0.038,0.036,0.036,0.036,0.036,0.036,0.036,0.028,0.027,0.027,0.027,0.027,0.027,0.027,0.044,0.043,0.043,0.043,0.043,0.043,0.043,0.038,0.036,0.036,0.036,0.036,0.036,0.036,0.038,0.036,0.036,0.036,0.036,0.036,0.036,0.034,0.034,0.034,0.034,0.034,0.034,0.034,0.041,0.038,0.038,0.038,0.038,0.038,0.038,0.036,0.036,0.027,0.042,0.049755236,0.104146285,937.8244966,10.25634046,10.25634046,24.22736016,6.123190386,10.25634046,10.25634046,16.4969145,7.970853158,9.054265594,9.054265594,22.88952464,5.060006892
5,1,1000,10,5,5,5,5.692117047,4.112255962,elliptical,1,0.412,0.412,0.412,0.412,0.411,0.412,0.412,0.048,0.047,0.047,0.047,0.047,0.047,0.047,0.048,0.047,0.047,0.047,0.047,0.047,0.047,0.035,0.034,0.034,0.034,0.034,0.034,0.034,0.051,0.051,0.051,0.051,0.051,0.051,0.051,0.048,0.047,0.047,0.047,0.047,0.047,0.047,0.048,0.047,0.047,0.047,0.047,0.047,0.047,0.04,0.039,0.04,0.04,0.039,0.039,0.039,0.051,0.05,0.05,0.05,0.05,0.05,0.05,0.047,0.047,0.034,0.051,0.03461415,0.042115591,866.1793322,0.770522422,0.770522422,3.868278249,1.7457632,0.770522422,0.770522422,1.637996677,0.983331499,0.709509065,0.709509065,3.677355977,1.746715952
15,3,40,33,87,39,87,130.2243118,8.858053046,elliptical,0.999,0.822822823,0.43043043,0.522522523,0.169169169,0.482482482,0.482482482,0.482482482,0.206206206,0.008008008,0.013013013,0,0.01001001,0.011011011,0.011011011,0.04004004,0.001001001,0.002002002,0,0.002002002,0.002002002,0.002002002,0.002002002,0,0,0,0,0,0,0.279279279,0.004004004,0.014014014,0,0.01001001,0.01001001,0.01001001,0,0,0,0,0,0,0,0.001001001,0,0,0,0,0,0,0.006006006,0,0,0,0,0,0,0.246246246,0.004004004,0.015015015,0,0.01001001,0.01001001,0.01001001,0.059059059,0.059059059,0,0.01001001,0.166489728,0.258356391,4084.705571,408.2554326,280.4496488,289.2002908,504.809893,2331.615582,743.7232372,291.1406076,449.4997682,59.47065073,59.47065073,220.1009085,87.25607479
15,3,60,33,87,59,87,126.4747772,10.43671492,elliptical,1,0.885,0.679,0.742,0.639,0.711,0.711,0.711,0.136,0.016,0.032,0.012,0.027,0.027,0.027,0.076,0.008,0.014,0.006,0.01,0.01,0.01,0.001,0,0,0,0,0,0,0.169,0.02,0.036,0.013,0.025,0.026,0.027,0.006,0.002,0.003,0.002,0.002,0.002,0.002,0.01,0.003,0.003,0.002,0.003,0.003,0.003,0.004,0.001,0.001,0.001,0.001,0.001,0.001,0.152,0.017,0.029,0.014,0.023,0.023,0.023,0.067,0.067,0.001,0.022,0.156760787,0.231762842,5416.31427,230.0293943,193.9595714,241.4616608,270.0842415,270.9666221,124.9005548,200.2480232,246.9357721,47.37294374,47.37294374,198.7531738,58.00183482
15,3,100,33,87,87,87,119.7272282,12.30295685,elliptical,0.998,0.935871743,0.872745491,0.893787575,0.893787575,0.881763527,0.881763527,0.881763527,0.096192385,0.033066132,0.041082164,0.041082164,0.038076152,0.038076152,0.038076152,0.096192385,0.033066132,0.041082164,0.041082164,0.038076152,0.038076152,0.038076152,0.004008016,0.001002004,0.002004008,0.002004008,0.002004008,0.002004008,0.002004008,0.119238477,0.041082164,0.048096192,0.048096192,0.04509018,0.04509018,0.04509018,0.096192385,0.033066132,0.041082164,0.041082164,0.038076152,0.038076152,0.038076152,0.096192385,0.033066132,0.041082164,0.041082164,0.038076152,0.038076152,0.038076152,0.01002004,0.007014028,0.008016032,0.008016032,0.007014028,0.007014028,0.007014028,0.105210421,0.036072144,0.046092184,0.046092184,0.038076152,0.038076152,0.038076152,0.065130261,0.065130261,0.002004008,0.042084168,0.144883567,0.20495254,7425.269877,107.5016489,107.5016489,196.5105988,115.5713519,107.5016489,107.5016489,128.4869998,109.8866077,30.54882098,30.54882098,173.2319925,31.98858061
15,3,200,33,87,87,87,113.1835561,15.71156243,elliptical,1,0.964,0.95,0.951,0.951,0.951,0.951,0.951,0.064,0.034,0.037,0.037,0.036,0.036,0.036,0.064,0.034,0.037,0.037,0.036,0.036,0.036,0,0,0,0,0,0,0,0.081,0.036,0.046,0.046,0.043,0.043,0.043,0.064,0.034,0.037,0.037,0.036,0.036,0.036,0.064,0.034,0.037,0.037,0.036,0.036,0.036,0.002,0,0,0,0,0,0,0.07,0.034,0.039,0.039,0.035,0.035,0.035,0.051,0.051,0,0.041,0.086150085,0.113207044,9725.009862,30.48555271,30.48555271,149.991502,28.65442966,30.48555271,30.48555271,72.74467922,28.92730277,9.916828064,9.916828064,140.4786694,8.378614564
15,3,300,33,87,87,87,111.1845233,17.87430137,elliptical,1,0.98,0.973,0.975,0.975,0.974,0.974,0.974,0.06,0.042,0.047,0.047,0.042,0.042,0.042,0.06,0.042,0.047,0.047,0.042,0.042,0.042,0,0,0,0,0,0,0,0.071,0.048,0.051,0.051,0.049,0.049,0.049,0.06,0.042,0.047,0.047,0.042,0.042,0.042,0.06,0.042,0.047,0.047,0.042,0.042,0.042,0.005,0.001,0.002,0.002,0.001,0.001,0.001,0.061,0.047,0.05,0.05,0.047,0.047,0.047,0.054,0.054,0,0.047,0.063571614,0.115623148,11667.61361,21.67797344,21.67797344,128.8615461,20.48697612,21.67797344,21.67797344,59.86510096,20.4827923,9.358545303,9.358545303,122.6694678,7.171938829
15,3,500,33,87,87,87,106.4500154,20.98277006,elliptical,1,0.994,0.99,0.99,0.99,0.99,0.99,0.99,0.061,0.048,0.051,0.051,0.049,0.049,0.049,0.061,0.048,0.051,0.051,0.049,0.049,0.049,0.006,0.005,0.005,0.005,0.005,0.005,0.005,0.07,0.056,0.061,0.061,0.057,0.057,0.057,0.061,0.048,0.051,0.051,0.049,0.049,0.049,0.061,0.048,0.051,0.051,0.049,0.049,0.049,0.012,0.011,0.011,0.011,0.011,0.011,0.011,0.065,0.054,0.055,0.055,0.055,0.055,0.055,0.053,0.053,0.006,0.056,0.050173198,0.09698591,Inf,7.086481538,7.086481538,103.6803144,6.208610709,7.086481538,7.086481538,41.10593932,6.146491071,3.042141364,3.042141364,100.4961332,1.647237797
15,3,1000,33,87,87,87,102.449564,25.16156797,elliptical,1,0.997,0.997,0.997,0.997,0.997,0.997,0.997,0.053,0.046,0.048,0.048,0.047,0.047,0.047,0.053,0.046,0.048,0.048,0.047,0.047,0.047,0,0,0,0,0,0,0,0.068,0.055,0.057,0.057,0.055,0.055,0.055,0.053,0.046,0.048,0.048,0.047,0.047,0.047,0.053,0.046,0.048,0.048,0.047,0.047,0.047,0.009,0.006,0.007,0.007,0.006,0.006,0.006,0.058,0.048,0.051,0.051,0.048,0.048,0.048,0.049,0.049,0,0.054,0.036679806,0.075667398,Inf,8.614741364,8.614741364,92.54450063,7.258418202,8.614741364,8.614741364,39.45275673,7.667586066,6.163349876,6.163349876,90.80334888,4.561618776
30,3,100,63,402,99,402,526.1262135,14.90362896,elliptical,1,0.999,0.978,0.984,0.246,0.981,0.981,0.981,0.219,0.01,0.012,0.001,0.01,0.01,0.01,0.019,0.006,0.006,0,0.006,0.006,0.006,0.001,0.001,0.001,0,0.001,0.001,0.001,0.251,0.008,0.011,0,0.008,0.008,0.008,0,0,0,0,0,0,0,0.001,0.001,0.001,0,0.001,0.001,0.001,0.001,0.001,0.001,0,0.001,0.001,0.001,0.232,0.009,0.011,0,0.009,0.009,0.009,0.092,0.092,0.001,0.013,0.116002487,0.158974746,Inf,391.5836709,222.9963743,295.4078893,450.1822627,Inf,14063.26537,257.7014379,416.4808341,79.65065452,79.65065452,265.0010308,91.92706494
30,3,200,63,402,199,402,513.125426,19.74146371,elliptical,1,1,1,1,1,1,1,1,0.128,0.013,0.02,0.004,0.013,0.013,0.013,0.031,0.006,0.006,0.002,0.006,0.006,0.006,0,0,0,0,0,0,0,0.157,0.019,0.023,0.004,0.02,0.02,0.02,0.001,0.001,0.001,0.001,0.001,0.001,0.001,0.001,0.001,0.001,0.001,0.001,0.001,0.001,0,0,0,0,0,0,0,0.138,0.013,0.022,0.004,0.015,0.015,0.015,0.08,0.08,0,0.017,0.084967875,0.125800968,Inf,125.6023656,109.0513218,253.6330015,139.821408,12027.75397,5776.779749,144.5745658,131.1659458,33.37824737,33.37824737,240.0143303,38.70613244
30,3,300,63,402,299,402,505.6863157,23.29379066,elliptical,1,1,1,1,1,1,1,1,0.096,0.037,0.041,0.029,0.037,0.037,0.037,0.062,0.019,0.025,0.013,0.021,0.021,0.021,0,0,0,0,0,0,0,0.121,0.035,0.037,0.028,0.035,0.035,0.035,0.002,0.002,0.002,0.002,0.002,0.002,0.002,0.002,0.002,0.002,0.002,0.002,0.002,0.002,0,0,0,0,0,0,0,0.109,0.033,0.041,0.027,0.034,0.034,0.034,0.072,0.072,0,0.038,0.065287456,0.128215589,Inf,80.64912436,74.40481712,234.2077743,86.24441299,1595.365115,1118.686548,120.4971621,82.5291616,28.6077147,28.6077147,225.0669971,28.83733179
30,3,500,63,402,402,402,489.9272957,27.52749641,elliptical,1,1,1,1,1,1,1,1,0.067,0.033,0.035,0.035,0.034,0.034,0.034,0.067,0.033,0.035,0.035,0.034,0.034,0.034,0,0,0,0,0,0,0,0.077,0.034,0.036,0.036,0.034,0.034,0.034,0.067,0.033,0.035,0.035,0.034,0.034,0.034,0.067,0.033,0.035,0.035,0.034,0.034,0.034,0,0,0,0,0,0,0,0.068,0.033,0.034,0.034,0.033,0.033,0.033,0.056,0.056,0,0.037,0.052856183,0.11444766,Inf,37.77761671,37.77761671,216.8119135,38.06712772,37.77761671,37.77761671,96.93382079,37.46575794,16.01611359,16.01611359,211.4819322,15.99431093
30,3,1000,63,402,402,402,473.9398339,35.85045309,elliptical,1,1,1,1,1,1,1,1,0.076,0.057,0.06,0.06,0.058,0.058,0.058,0.076,0.057,0.06,0.06,0.058,0.058,0.058,0,0,0,0,0,0,0,0.085,0.059,0.063,0.063,0.059,0.059,0.059,0.076,0.057,0.06,0.06,0.058,0.058,0.058,0.076,0.057,0.06,0.06,0.058,0.058,0.058,0.001,0,0,0,0,0,0,0.077,0.058,0.061,0.061,0.06,0.06,0.06,0.07,0.07,0,0.062,0.03922548,0.127396675,Inf,23.2622993,23.2622993,184.415775,25.51791911,23.2622993,23.2622993,72.21296171,23.87858405,13.88481082,13.88481082,181.8473352,11.59364963
5,1,40,10,5,5,5,9.60609751,2.531887861,skewed.1,0.997,0.230692076,0.193580742,0.201604814,0.201604814,0.193580742,0.193580742,0.194583751,0.056168506,0.037111334,0.039117352,0.039117352,0.037111334,0.037111334,0.037111334,0.056168506,0.037111334,0.039117352,0.039117352,0.037111334,0.037111334,0.037111334,0.017051153,0.011033099,0.014042126,0.014042126,0.011033099,0.011033099,0.011033099,0.075225677,0.047141424,0.05115346,0.05115346,0.047141424,0.047141424,0.047141424,0.056168506,0.037111334,0.039117352,0.039117352,0.037111334,0.037111334,0.037111334,0.056168506,0.037111334,0.039117352,0.039117352,0.037111334,0.037111334,0.037111334,0.034102307,0.022066199,0.023069208,0.023069208,0.02106319,0.022066199,0.022066199,0.058174524,0.034102307,0.037111334,0.037111334,0.034102307,0.034102307,0.034102307,0.039117352,0.039117352,0.012036108,0.033099298,0.276448235,0.353910389,182.3270011,45.10750788,45.10750788,105.4443511,30.77200831,45.10750788,45.10750788,71.12330239,35.34826307,19.40229771,19.40229771,83.06846048,9.967464702
5,1,60,10,5,5,5,9.154708207,2.756153729,skewed.1,1,0.232,0.2,0.205,0.205,0.2,0.2,0.2,0.052,0.035,0.038,0.038,0.035,0.035,0.035,0.052,0.035,0.038,0.038,0.035,0.035,0.035,0.018,0.014,0.014,0.014,0.014,0.014,0.014,0.068,0.046,0.05,0.05,0.046,0.046,0.046,0.052,0.035,0.038,0.038,0.035,0.035,0.035,0.052,0.035,0.038,0.038,0.035,0.035,0.035,0.028,0.022,0.022,0.022,0.022,0.022,0.022,0.056,0.042,0.046,0.046,0.042,0.042,0.042,0.036,0.036,0.014,0.044,0.258005582,0.325627147,211.0846402,29.8862741,29.8862741,81.51562571,17.30203155,29.8862741,29.8862741,52.21279765,20.80084294,16.10318608,16.10318608,68.18304386,6.1502386
5,1,100,10,5,5,5,8.306194304,2.947389359,skewed.1,1,0.256,0.248,0.25,0.25,0.248,0.248,0.248,0.046,0.039,0.042,0.042,0.039,0.039,0.039,0.046,0.039,0.042,0.042,0.039,0.039,0.039,0.02,0.016,0.017,0.017,0.016,0.016,0.017,0.062,0.051,0.053,0.053,0.051,0.051,0.051,0.046,0.039,0.042,0.042,0.039,0.039,0.039,0.046,0.039,0.042,0.042,0.039,0.039,0.039,0.03,0.029,0.03,0.03,0.029,0.029,0.029,0.048,0.044,0.044,0.044,0.044,0.044,0.044,0.039,0.039,0.016,0.045,0.188920352,0.310756434,297.6204651,20.76681668,20.76681668,65.40387681,6.494711521,20.76681668,20.76681668,40.30899258,11.54911354,14.50186761,14.50186761,58.27068183,3.109095117
5,1,200,10,5,5,5,8.284783308,3.133985061,skewed.1,1,0.303,0.299,0.3,0.3,0.299,0.299,0.299,0.044,0.041,0.042,0.042,0.041,0.041,0.041,0.044,0.041,0.042,0.042,0.041,0.041,0.041,0.021,0.019,0.019,0.019,0.019,0.019,0.019,0.05,0.046,0.048,0.048,0.046,0.046,0.046,0.044,0.041,0.042,0.042,0.041,0.041,0.041,0.044,0.041,0.042,0.042,0.041,0.041,0.041,0.032,0.032,0.032,0.032,0.032,0.032,0.032,0.044,0.042,0.044,0.044,0.042,0.042,0.042,0.041,0.041,0.019,0.045,0.125543153,0.241119513,452.0655099,13.19430062,13.19430062,48.03417319,3.095435444,13.19430062,13.19430062,28.31409479,6.658830735,10.59496603,10.59496603,44.82124921,1.684413031
5,1,300,10,5,5,5,7.220785136,3.286196051,skewed.1,1,0.312,0.306,0.308,0.308,0.306,0.306,0.306,0.046,0.045,0.045,0.045,0.045,0.045,0.045,0.046,0.045,0.045,0.045,0.045,0.045,0.045,0.027,0.025,0.025,0.025,0.025,0.025,0.025,0.06,0.054,0.054,0.054,0.054,0.054,0.054,0.046,0.045,0.045,0.045,0.045,0.045,0.045,0.046,0.045,0.045,0.045,0.045,0.045,0.045,0.034,0.032,0.032,0.032,0.032,0.032,0.032,0.051,0.048,0.049,0.049,0.048,0.048,0.048,0.045,0.045,0.025,0.053,0.118476563,0.21891941,481.3060883,8.68324767,8.68324767,35.55781474,4.300112322,8.68324767,8.68324767,19.82534088,4.916439442,6.932238523,6.932238523,33.45321032,2.762178673
5,1,500,10,5,5,5,7.051173234,3.445143906,skewed.1,1,0.358,0.351,0.353,0.353,0.351,0.351,0.351,0.048,0.047,0.048,0.048,0.047,0.047,0.047,0.048,0.047,0.048,0.048,0.047,0.047,0.047,0.029,0.028,0.028,0.028,0.028,0.028,0.028,0.052,0.051,0.052,0.052,0.051,0.051,0.051,0.048,0.047,0.048,0.048,0.047,0.047,0.047,0.048,0.047,0.048,0.048,0.047,0.047,0.047,0.034,0.034,0.034,0.034,0.034,0.034,0.034,0.052,0.048,0.048,0.048,0.048,0.048,0.048,0.046,0.046,0.028,0.049,0.097946679,0.205608877,591.3422007,3.553558273,3.553558273,22.09161231,1.757135474,3.553558273,3.553558273,10.87926997,1.495867677,2.899971602,2.899971602,21.10280525,1.289217254
5,1,1000,10,5,5,5,6.281959128,3.703252687,skewed.1,1,0.37,0.367,0.367,0.367,0.367,0.367,0.367,0.043,0.043,0.043,0.043,0.043,0.043,0.043,0.043,0.043,0.043,0.043,0.043,0.043,0.043,0.03,0.029,0.029,0.029,0.029,0.029,0.029,0.046,0.045,0.045,0.045,0.045,0.045,0.045,0.043,0.043,0.043,0.043,0.043,0.043,0.043,0.043,0.043,0.043,0.043,0.043,0.043,0.043,0.037,0.037,0.037,0.037,0.037,0.037,0.037,0.044,0.043,0.043,0.043,0.043,0.043,0.043,0.043,0.043,0.029,0.045,0.078417704,0.154441832,673.6726152,2.106792805,2.106792805,14.68406571,1.518670096,2.106792805,2.106792805,7.029270706,1.030440526,1.900889173,1.900889173,14.32094131,1.388553967
15,3,40,33,87,39,87,146.995507,8.351517861,skewed.1,0.986,0.653144016,0.269776876,0.338742394,0.094320487,0.30831643,0.30831643,0.30831643,0.173427992,0.005070994,0.018255578,0,0.010141988,0.010141988,0.010141988,0.044624746,0,0.002028398,0,0.001014199,0.001014199,0.001014199,0,0,0,0,0,0,0,0.283975659,0.004056795,0.017241379,0,0.011156187,0.011156187,0.011156187,0,0,0,0,0,0,0,0,0,0,0,0,0,0,0.002028398,0,0,0,0,0,0,0.227180527,0.004056795,0.017241379,0,0.009127789,0.009127789,0.009127789,0.054766734,0.054766734,0,0.007099391,0.262868604,0.35816926,2213.088614,386.2144537,273.5088613,291.2228695,526.2659557,2375.772859,777.0936642,287.4782626,443.5897461,58.99267582,58.99267582,228.4117592,92.49606522
15,3,60,33,87,59,87,143.9977049,9.456991741,skewed.1,0.998,0.735470942,0.523046092,0.566132265,0.485971944,0.541082164,0.541082164,0.541082164,0.126252505,0.016032064,0.023046092,0.014028056,0.019038076,0.019038076,0.019038076,0.071142285,0.009018036,0.014028056,0.004008016,0.012024048,0.012024048,0.012024048,0,0,0,0,0,0,0,0.208416834,0.016032064,0.031062124,0.013026052,0.023046092,0.023046092,0.023046092,0.004008016,0.002004008,0.002004008,0.002004008,0.002004008,0.002004008,0.002004008,0.011022044,0.002004008,0.003006012,0.002004008,0.003006012,0.003006012,0.003006012,0.004008016,0.001002004,0.002004008,0,0.001002004,0.001002004,0.001002004,0.152304609,0.016032064,0.026052104,0.013026052,0.019038076,0.019038076,0.019038076,0.058116232,0.058116232,0,0.017034068,0.246177061,0.339320599,3294.190964,240.455456,207.0498832,261.3643736,312.1131051,278.5236068,130.9451782,216.7040986,269.35836,56.65370449,56.65370449,220.4996299,71.71485918
15,3,100,33,87,87,87,141.9046105,10.94723645,skewed.1,1,0.827,0.705,0.741,0.741,0.725,0.725,0.725,0.07,0.017,0.025,0.025,0.021,0.021,0.021,0.07,0.017,0.025,0.025,0.021,0.021,0.021,0,0,0,0,0,0,0,0.118,0.027,0.042,0.042,0.033,0.034,0.034,0.07,0.017,0.025,0.025,0.021,0.021,0.021,0.07,0.017,0.025,0.025,0.021,0.021,0.021,0.002,0.001,0.001,0.001,0.001,0.001,0.001,0.088,0.018,0.029,0.029,0.025,0.025,0.025,0.04,0.04,0,0.024,0.171781475,0.280764004,4531.208587,91.76409994,91.76409994,219.4578619,101.9274611,91.76409994,91.76409994,134.6400982,93.75787514,26.09216036,26.09216036,199.217551,32.11704027
15,3,200,33,87,87,87,130.4830544,13.50475215,skewed.1,1,0.924,0.876,0.887,0.887,0.884,0.884,0.884,0.047,0.02,0.024,0.024,0.022,0.022,0.022,0.047,0.02,0.024,0.024,0.022,0.022,0.022,0,0,0,0,0,0,0,0.076,0.036,0.044,0.044,0.043,0.043,0.043,0.047,0.02,0.024,0.024,0.022,0.022,0.022,0.047,0.02,0.024,0.024,0.022,0.022,0.022,0.001,0,0,0,0,0,0,0.062,0.024,0.031,0.031,0.029,0.029,0.029,0.034,0.034,0,0.03,0.114944399,0.23108723,6876.09344,40.42509908,40.42509908,182.1934203,36.9523401,40.42509908,40.42509908,95.17043984,37.28291749,18.39358767,18.39358767,172.7996759,15.20020284
15,3,300,33,87,87,87,125.2142201,15.19811218,skewed.1,1,0.94,0.92,0.927,0.927,0.925,0.925,0.925,0.059,0.045,0.047,0.047,0.045,0.045,0.045,0.059,0.045,0.047,0.047,0.045,0.045,0.045,0.001,0,0,0,0,0,0,0.076,0.054,0.058,0.058,0.057,0.057,0.057,0.059,0.045,0.047,0.047,0.045,0.045,0.045,0.059,0.045,0.047,0.047,0.045,0.045,0.045,0.003,0.002,0.002,0.002,0.002,0.002,0.002,0.065,0.047,0.051,0.051,0.049,0.049,0.049,0.054,0.054,0.001,0.053,0.109813099,0.204210679,8175.667494,23.01969022,23.01969022,159.1578004,17.85830692,23.01969022,23.01969022,75.25213087,19.07600794,11.77144746,11.77144746,153.1706192,7.643392802
15,3,500,33,87,87,87,119.7008044,17.01944375,skewed.1,1,0.97,0.964,0.964,0.964,0.964,0.964,0.964,0.043,0.031,0.033,0.033,0.032,0.032,0.032,0.043,0.031,0.033,0.033,0.032,0.032,0.032,0,0,0,0,0,0,0,0.066,0.054,0.057,0.057,0.054,0.054,0.054,0.043,0.031,0.033,0.033,0.032,0.032,0.032,0.043,0.031,0.033,0.033,0.032,0.032,0.032,0.003,0,0.001,0.001,0,0,0,0.049,0.036,0.04,0.04,0.039,0.039,0.039,0.036,0.036,0,0.044,0.091617772,0.19843478,10446.68967,10.2023487,10.2023487,133.0490354,8.596178341,10.2023487,10.2023487,56.02024984,8.446890579,5.594822027,5.594822027,129.9108936,2.95617144
15,3,1000,33,87,87,87,115.1695792,21.12408521,skewed.1,1,0.987,0.987,0.987,0.987,0.987,0.987,0.987,0.053,0.045,0.046,0.046,0.045,0.045,0.045,0.053,0.045,0.046,0.046,0.045,0.045,0.045,0,0,0,0,0,0,0,0.07,0.06,0.063,0.063,0.06,0.06,0.06,0.053,0.045,0.046,0.046,0.045,0.045,0.045,0.053,0.045,0.046,0.046,0.045,0.045,0.045,0.009,0.006,0.007,0.007,0.007,0.007,0.007,0.058,0.049,0.051,0.051,0.05,0.05,0.05,0.049,0.049,0,0.06,0.075060702,0.163053276,Inf,8.626435066,8.626435066,112.4227578,6.353617359,8.626435066,8.626435066,47.63440494,6.934994013,6.360187817,6.360187817,110.7613436,3.693709659
30,3,100,63,402,99,402,627.6970102,14.8075709,skewed.1,1,0.99,0.908,0.933,0.114,0.913,0.914,0.914,0.166,0.006,0.007,0,0.006,0.006,0.006,0.01,0.002,0.002,0,0.002,0.002,0.002,0,0,0,0,0,0,0,0.258,0.002,0.007,0,0.004,0.004,0.004,0,0,0,0,0,0,0,0,0,0,0,0,0,0,0,0,0,0,0,0,0,0.212,0.003,0.007,0,0.006,0.006,0.006,0.069,0.069,0,0.007,0.179217737,0.296595311,20023.31536,318.1464699,209.607938,296.4468366,420.1751213,Inf,14680.51302,238.9110331,360.0659771,52.36527022,52.36527022,269.9003203,84.79106093
30,3,200,63,402,199,402,586.2917963,19.23317865,skewed.1,1,0.999,0.994,0.994,0.986,0.994,0.994,0.994,0.101,0.007,0.011,0.001,0.009,0.009,0.009,0.023,0.001,0.004,0,0.001,0.001,0.001,0,0,0,0,0,0,0,0.147,0.01,0.016,0.001,0.011,0.011,0.011,0,0,0,0,0,0,0,0,0,0,0,0,0,0,0,0,0,0,0,0,0,0.123,0.008,0.013,0.001,0.008,0.008,0.008,0.058,0.058,0,0.025,0.1353002,0.257405396,Inf,111.5617962,107.2135098,260.4078397,134.7287967,12310.23005,5964.083386,146.5997727,120.2482241,28.06080539,28.06080539,247.9757868,37.72859059
30,3,300,63,402,299,402,567.300327,21.72018666,skewed.1,1,1,0.999,0.999,0.999,0.999,0.999,0.999,0.08,0.015,0.019,0.013,0.015,0.015,0.015,0.044,0.009,0.011,0.006,0.009,0.009,0.009,0,0,0,0,0,0,0,0.109,0.029,0.037,0.02,0.031,0.032,0.032,0.001,0.001,0.001,0,0.001,0.001,0.001,0.002,0.001,0.001,0.001,0.001,0.001,0.001,0,0,0,0,0,0,0,0.096,0.019,0.027,0.014,0.021,0.022,0.022,0.057,0.057,0,0.035,0.118173138,0.242775422,Inf,60.91403745,61.17816286,241.2285765,69.75766663,1715.72489,1218.833911,117.4510343,63.46042829,18.54032376,18.54032376,233.3569828,21.58895183
30,3,500,63,402,402,402,537.1423878,26.07018709,skewed.1,1,1,1,1,1,1,1,1,0.068,0.03,0.033,0.033,0.032,0.032,0.032,0.068,0.03,0.033,0.033,0.032,0.032,0.032,0,0,0,0,0,0,0,0.09,0.045,0.049,0.049,0.045,0.045,0.045,0.068,0.03,0.033,0.033,0.032,0.032,0.032,0.068,0.03,0.033,0.033,0.032,0.032,0.032,0,0,0,0,0,0,0,0.073,0.035,0.04,0.04,0.036,0.036,0.036,0.056,0.056,0,0.045,0.092558742,0.174237523,Inf,37.13846457,37.13846457,228.0624669,37.91775778,37.13846457,37.13846457,104.1385423,36.459373,16.52612131,16.52612131,223.1564963,15.46845403
30,3,1000,63,402,402,402,516.5124135,32.23277903,skewed.1,1,1,1,1,1,1,1,1,0.051,0.032,0.033,0.033,0.032,0.032,0.032,0.051,0.032,0.033,0.033,0.032,0.032,0.032,0,0,0,0,0,0,0,0.06,0.044,0.047,0.047,0.044,0.044,0.044,0.051,0.032,0.033,0.033,0.032,0.032,0.032,0.051,0.032,0.033,0.033,0.032,0.032,0.032,0,0,0,0,0,0,0,0.054,0.035,0.037,0.037,0.036,0.036,0.036,0.046,0.046,0,0.043,0.067898468,0.162973631,Inf,23.53049638,23.53049638,218.0014866,18.81769403,23.53049638,23.53049638,97.99964094,20.61011026,15.88100393,15.88100393,215.4418369,13.42459974
15,3,40,33,87,39,87,134.8201159,8.986918058,skewed.2,0.986,0.467545639,0.096348884,0.154158215,0.009127789,0.130831643,0.130831643,0.130831643,0.149087221,0,0.005070994,0,0.003042596,0.003042596,0.003042596,0.019269777,0,0,0,0,0,0,0,0,0,0,0,0,0,0.220081136,0.001014199,0.004056795,0,0.002028398,0.002028398,0.002028398,0,0,0,0,0,0,0,0,0,0,0,0,0,0,0,0,0,0,0,0,0,0.175456389,0.001014199,0.006085193,0,0.002028398,0.002028398,0.002028398,0.03346856,0.03346856,0,0.003042596,0.290056335,0.334419667,1048.166028,318.5231961,240.1553123,279.4750716,399.5977471,2568.62514,891.0880644,257.7285515,353.3420864,41.42220999,41.42220999,222.8282016,83.20418162
15,3,60,33,87,59,87,126.4341208,10.43581823,skewed.2,0.997,0.527582748,0.263791374,0.317953862,0.228686058,0.286860582,0.286860582,0.286860582,0.102306921,0.011033099,0.020060181,0.004012036,0.015045135,0.015045135,0.015045135,0.053159478,0.002006018,0.006018054,0.001003009,0.004012036,0.004012036,0.004012036,0,0,0,0,0,0,0,0.127382146,0.007021063,0.02106319,0.003009027,0.012036108,0.012036108,0.012036108,0.001003009,0,0,0,0,0,0,0.004012036,0,0,0,0,0,0,0.001003009,0,0,0,0,0,0,0.114343029,0.006018054,0.020060181,0.003009027,0.016048144,0.016048144,0.016048144,0.047141424,0.047141424,0,0.018054162,0.217222366,0.275819899,1362.213273,156.1414547,142.8508924,231.3101883,175.6999858,372.4918877,196.8869575,166.4131229,163.7799747,24.92157371,24.92157371,197.5222277,44.2866894
15,3,100,33,87,87,87,114.1859674,12.98689505,skewed.2,1,0.579,0.427,0.467,0.467,0.443,0.443,0.443,0.101,0.028,0.042,0.042,0.032,0.032,0.032,0.101,0.028,0.042,0.042,0.032,0.032,0.032,0,0,0,0,0,0,0,0.112,0.03,0.043,0.043,0.035,0.035,0.035,0.101,0.028,0.042,0.042,0.032,0.032,0.032,0.101,0.028,0.042,0.042,0.032,0.032,0.032,0.007,0,0,0,0,0,0,0.104,0.03,0.039,0.039,0.036,0.036,0.036,0.064,0.064,0,0.043,0.158610603,0.236701419,1693.432948,72.91274047,72.91274047,179.6090641,73.74098753,72.91274047,72.91274047,103.4144623,72.3126472,15.50787567,15.50787567,160.8252229,17.50127275
15,3,200,33,87,87,87,100.6103389,17.55295463,skewed.2,1,0.619,0.537,0.555,0.555,0.546,0.546,0.546,0.076,0.05,0.056,0.056,0.054,0.054,0.054,0.076,0.05,0.056,0.056,0.054,0.054,0.054,0.002,0,0,0,0,0,0,0.076,0.05,0.056,0.056,0.051,0.051,0.051,0.076,0.05,0.056,0.056,0.054,0.054,0.054,0.076,0.05,0.056,0.056,0.054,0.054,0.054,0.007,0.004,0.005,0.005,0.004,0.004,0.004,0.082,0.047,0.056,0.056,0.05,0.05,0.05,0.065,0.065,0,0.053,0.115813751,0.157580036,1953.989007,19.45393091,19.45393091,119.7374747,18.5194368,19.45393091,19.45393091,50.77150463,18.6112654,4.344637643,4.344637643,112.1538761,3.132691549
15,3,300,33,87,87,87,93.91287418,21.03940004,skewed.2,1,0.652,0.606,0.613,0.613,0.609,0.609,0.609,0.061,0.041,0.049,0.049,0.047,0.047,0.047,0.061,0.041,0.049,0.049,0.047,0.047,0.047,0.001,0,0,0,0,0,0,0.063,0.04,0.045,0.045,0.042,0.042,0.042,0.061,0.041,0.049,0.049,0.047,0.047,0.047,0.061,0.041,0.049,0.049,0.047,0.047,0.047,0.011,0.006,0.007,0.007,0.007,0.007,0.007,0.064,0.042,0.046,0.046,0.046,0.046,0.046,0.056,0.056,0,0.046,0.106625479,0.13030067,2152.150468,11.15194638,11.15194638,101.7332645,10.02310519,11.15194638,11.15194638,40.84649384,10.48238125,3.192735054,3.192735054,97.10689769,2.620931153
15,3,500,33,87,87,87,88.37177677,25.63785097,skewed.2,1,0.678,0.653,0.66,0.66,0.659,0.659,0.659,0.054,0.044,0.048,0.048,0.045,0.045,0.045,0.054,0.044,0.048,0.048,0.045,0.045,0.045,0.001,0.001,0.001,0.001,0.001,0.001,0.001,0.057,0.039,0.044,0.044,0.041,0.041,0.041,0.054,0.044,0.048,0.048,0.045,0.045,0.045,0.054,0.044,0.048,0.048,0.045,0.045,0.045,0.011,0.007,0.007,0.007,0.007,0.007,0.007,0.057,0.041,0.045,0.045,0.043,0.043,0.043,0.051,0.051,0.001,0.048,0.075204801,0.096217462,2370.626277,4.221789857,4.221789857,77.64499864,3.691937062,4.221789857,4.221789857,28.20923457,3.944759919,1.304278305,1.304278305,75.41918479,1.239832913
15,3,1000,33,87,87,87,82.93769602,33.03689071,skewed.2,1,0.707,0.69,0.7,0.7,0.695,0.695,0.695,0.061,0.055,0.057,0.057,0.057,0.057,0.057,0.061,0.055,0.057,0.057,0.057,0.057,0.057,0.012,0.009,0.01,0.01,0.01,0.01,0.01,0.051,0.046,0.047,0.047,0.046,0.046,0.046,0.061,0.055,0.057,0.057,0.057,0.057,0.057,0.061,0.055,0.057,0.057,0.057,0.057,0.057,0.026,0.022,0.022,0.022,0.022,0.022,0.022,0.058,0.048,0.049,0.049,0.048,0.048,0.048,0.058,0.058,0.01,0.048,0.0581073,0.064388646,2540.283749,0.586553401,0.586553401,46.02374465,0.219248615,0.586553401,0.586553401,13.22369045,0.344251641,0.574657841,0.574657841,45.40251209,0.302589673
30,3,100,63,402,99,402,523.9195426,19.51312191,skewed.2,1,0.964,0.671,0.734,0.005,0.683,0.685,0.685,0.165,0.001,0.001,0,0.001,0.001,0.001,0.002,0,0,0,0,0,0,0,0,0,0,0,0,0,0.196,0,0.001,0,0,0,0,0,0,0,0,0,0,0,0,0,0,0,0,0,0,0,0,0,0,0,0,0,0.177,0.001,0.001,0,0.001,0.001,0.001,0.062,0.062,0,0.01,0.156266227,0.224586662,8823.537572,276.589367,196.7262516,276.4716141,317.002499,Inf,14990.25256,216.0124368,294.6768114,41.10733161,41.10733161,251.2607007,66.61615968
30,3,200,63,402,199,402,463.079618,28.46673195,skewed.2,1,0.978,0.92,0.929,0.834,0.922,0.922,0.922,0.097,0.012,0.02,0.002,0.013,0.014,0.014,0.026,0.003,0.004,0,0.003,0.003,0.003,0,0,0,0,0,0,0,0.104,0.013,0.018,0.002,0.013,0.013,0.013,0,0,0,0,0,0,0,0,0,0,0,0,0,0,0,0,0,0,0,0,0,0.101,0.011,0.018,0.002,0.014,0.014,0.014,0.061,0.061,0,0.03,0.107077115,0.159962912,11225.86622,85.07596266,85.49214197,220.7133102,87.86244753,Inf,6067.019204,116.4745076,86.13547226,17.03149657,17.03149657,209.4714188,21.71147155
30,3,300,63,402,299,402,435.7147394,36.08491093,skewed.2,1,0.989,0.969,0.972,0.964,0.97,0.97,0.97,0.092,0.031,0.035,0.02,0.033,0.033,0.033,0.062,0.014,0.019,0.012,0.015,0.015,0.015,0,0,0,0,0,0,0,0.091,0.031,0.033,0.022,0.031,0.031,0.031,0,0,0,0,0,0,0,0,0,0,0,0,0,0,0,0,0,0,0,0,0,0.091,0.031,0.034,0.021,0.032,0.032,0.032,0.074,0.074,0,0.05,0.101598188,0.140852318,12158.08458,48.96738497,45.65539106,188.667982,48.49544913,1721.494948,1226.890493,86.34732312,48.58947294,12.89179688,12.89179688,181.6170031,12.60343694
30,3,500,63,402,402,402,405.3302264,47.97274376,skewed.2,1,0.997,0.993,0.994,0.994,0.993,0.993,0.993,0.078,0.041,0.044,0.044,0.041,0.041,0.041,0.078,0.041,0.044,0.044,0.041,0.041,0.041,0,0,0,0,0,0,0,0.072,0.034,0.035,0.035,0.034,0.034,0.034,0.078,0.041,0.044,0.044,0.041,0.041,0.041,0.078,0.041,0.044,0.044,0.041,0.041,0.041,0,0,0,0,0,0,0,0.073,0.037,0.041,0.041,0.037,0.037,0.037,0.063,0.063,0,0.052,0.076254182,0.102262027,13909.17096,23.81543941,23.81543941,154.6469989,21.85811628,23.81543941,23.81543941,59.98163124,22.77469734,8.239129945,8.239129945,150.5622874,6.743225124
30,3,1000,63,402,402,402,378.7025107,71.95883791,skewed.2,1,0.998,0.998,0.998,0.998,0.998,0.998,0.998,0.064,0.044,0.046,0.046,0.044,0.044,0.044,0.064,0.044,0.046,0.046,0.044,0.044,0.044,0.001,0.001,0.001,0.001,0.001,0.001,0.001,0.054,0.036,0.038,0.038,0.037,0.037,0.037,0.064,0.044,0.046,0.046,0.044,0.044,0.044,0.064,0.044,0.046,0.046,0.044,0.044,0.044,0.004,0.004,0.004,0.004,0.004,0.004,0.004,0.058,0.038,0.042,0.042,0.04,0.04,0.04,0.058,0.058,0.001,0.045,0.055298327,0.065494003,14886.31276,2.806911722,2.806911722,112.4496942,2.391021199,2.806911722,2.806911722,36.81744093,2.500666523,0.756071553,0.756071553,111.2134812,0.799426678
15,3,40,33,87,39,87,129.6422345,9.863133217,skewed.3,0.993,0.283987915,0.041289023,0.083585096,0,0.057401813,0.057401813,0.057401813,0.149043303,0.002014099,0.007049345,0,0.004028197,0.004028197,0.004028197,0.021148036,0,0,0,0,0,0,0,0,0,0,0,0,0,0.21550856,0.002014099,0.008056395,0,0.004028197,0.004028197,0.004028197,0,0,0,0,0,0,0,0,0,0,0,0,0,0,0.003021148,0,0,0,0,0,0,0.181268882,0.002014099,0.008056395,0,0.003021148,0.003021148,0.003021148,0.03021148,0.03021148,0,0.009063444,0.273605266,0.312850864,441.9214774,301.2114489,229.3456809,269.85267,367.4162646,2615.006592,916.4028108,245.7316481,329.6912949,37.44122052,37.44122052,212.916671,74.37919496
15,3,60,33,87,59,87,120.0522819,11.65965709,skewed.3,0.998,0.345691383,0.120240481,0.162324649,0.099198397,0.148296593,0.148296593,0.148296593,0.107214429,0.00501002,0.011022044,0.003006012,0.008016032,0.008016032,0.008016032,0.049098196,0.002004008,0.004008016,0.001002004,0.003006012,0.003006012,0.003006012,0,0,0,0,0,0,0,0.141282565,0.00501002,0.014028056,0.004008016,0.01002004,0.01002004,0.01002004,0.001002004,0,0,0,0,0,0,0.002004008,0,0,0,0,0,0,0.002004008,0,0,0,0,0,0,0.121242485,0.00501002,0.012024048,0.003006012,0.006012024,0.006012024,0.006012024,0.043086172,0.043086172,0,0.014028056,0.206828015,0.260457618,577.2573692,145.4010317,132.4869369,216.4514331,161.001578,377.7889923,200.3550063,153.8937952,151.5755096,21.2134113,21.2134113,182.8470589,36.26883575
15,3,100,33,87,87,87,110.1624527,14.80320324,skewed.3,1,0.356,0.226,0.251,0.251,0.238,0.238,0.238,0.095,0.03,0.038,0.038,0.035,0.035,0.035,0.095,0.03,0.038,0.038,0.035,0.035,0.035,0,0,0,0,0,0,0,0.103,0.028,0.037,0.037,0.034,0.034,0.034,0.095,0.03,0.038,0.038,0.035,0.035,0.035,0.095,0.03,0.038,0.038,0.035,0.035,0.035,0.008,0,0.001,0.001,0.001,0.001,0.001,0.1,0.028,0.037,0.037,0.033,0.033,0.033,0.06,0.06,0,0.04,0.150717245,0.225970903,640.4823968,61.40348114,61.40348114,157.7753015,62.90877908,61.40348114,61.40348114,87.90133889,61.34097441,10.80411779,10.80411779,140.0738356,11.51676492
15,3,200,33,87,87,87,97.85243436,20.31343166,skewed.3,1,0.368,0.299,0.311,0.311,0.303,0.303,0.303,0.071,0.045,0.05,0.05,0.048,0.048,0.048,0.071,0.045,0.05,0.05,0.048,0.048,0.048,0.003,0,0.001,0.001,0.001,0.001,0.001,0.075,0.042,0.046,0.046,0.043,0.043,0.043,0.071,0.045,0.05,0.05,0.048,0.048,0.048,0.071,0.045,0.05,0.05,0.048,0.048,0.048,0.008,0.005,0.006,0.006,0.005,0.005,0.005,0.07,0.043,0.046,0.046,0.044,0.044,0.044,0.057,0.057,0.001,0.048,0.109654,0.143466062,706.1647143,22.27103015,22.27103015,112.6506617,20.4612668,22.27103015,22.27103015,51.82368951,21.14573647,6.17152117,6.17152117,104.932926,5.220265941
15,3,300,33,87,87,87,93.08390049,24.2825439,skewed.3,1,0.386,0.339,0.353,0.353,0.346,0.346,0.346,0.071,0.047,0.052,0.052,0.049,0.049,0.049,0.071,0.047,0.052,0.052,0.049,0.049,0.049,0.002,0.001,0.001,0.001,0.001,0.001,0.001,0.072,0.048,0.051,0.051,0.05,0.05,0.05,0.071,0.047,0.052,0.052,0.049,0.049,0.049,0.071,0.047,0.052,0.052,0.049,0.049,0.049,0.006,0.004,0.005,0.005,0.004,0.004,0.004,0.07,0.049,0.051,0.051,0.049,0.049,0.049,0.059,0.059,0.001,0.055,0.100683365,0.115767275,757.8779001,8.736507813,8.736507813,83.86881354,8.170141693,8.736507813,8.736507813,32.39874289,8.369999181,2.097807259,2.097807259,79.699897,1.738106842
15,3,500,33,87,87,87,88.0196407,30.03026796,skewed.3,1,0.408,0.383,0.391,0.391,0.387,0.387,0.387,0.069,0.054,0.055,0.055,0.054,0.054,0.054,0.069,0.054,0.055,0.055,0.054,0.054,0.054,0.005,0.004,0.004,0.004,0.004,0.004,0.004,0.059,0.047,0.051,0.051,0.051,0.051,0.051,0.069,0.054,0.055,0.055,0.054,0.054,0.054,0.069,0.054,0.055,0.055,0.054,0.054,0.054,0.015,0.011,0.012,0.012,0.012,0.012,0.012,0.063,0.05,0.052,0.052,0.052,0.052,0.052,0.06,0.06,0.004,0.055,0.070275544,0.081974296,815.7300991,2.929913682,2.929913682,58.13794237,2.441794239,2.929913682,2.929913682,19.21791122,2.659915001,0.838838916,0.838838916,56.23417382,0.549939862
15,3,1000,33,87,87,87,83.54371411,38.27282717,skewed.3,1,0.404,0.391,0.393,0.393,0.391,0.391,0.391,0.064,0.055,0.056,0.056,0.055,0.055,0.055,0.064,0.055,0.056,0.056,0.055,0.055,0.055,0.017,0.016,0.017,0.017,0.017,0.017,0.017,0.056,0.048,0.05,0.05,0.05,0.05,0.05,0.064,0.055,0.056,0.056,0.055,0.055,0.055,0.064,0.055,0.056,0.056,0.055,0.055,0.055,0.026,0.025,0.025,0.025,0.025,0.025,0.025,0.058,0.051,0.052,0.052,0.052,0.052,0.052,0.059,0.059,0.017,0.051,0.054362175,0.055178854,888.2510257,1.205410483,1.205410483,35.07475607,0.725387106,1.205410483,1.205410483,10.44814442,0.912989119,1.134212316,1.134212316,34.49001855,0.750296024
30,3,100,63,402,99,402,505.6679011,23.05169651,skewed.3,1,0.812,0.337,0.394,0,0.352,0.354,0.354,0.152,0.002,0.003,0,0.002,0.002,0.002,0.008,0,0,0,0,0,0,0,0,0,0,0,0,0,0.18,0.001,0.002,0,0.002,0.002,0.002,0,0,0,0,0,0,0,0,0,0,0,0,0,0,0,0,0,0,0,0,0,0.169,0.001,0.002,0,0.002,0.002,0.002,0.06,0.06,0,0.015,0.148156767,0.211378115,3816.97924,254.8455693,185.9170186,260.5689789,285.6621261,Inf,Inf,200.5138372,268.7916737,35.79129605,35.79129605,234.8703926,55.04620309
30,3,200,63,402,199,402,449.8152683,34.12308928,skewed.3,1,0.864,0.678,0.709,0.448,0.687,0.688,0.688,0.093,0.014,0.017,0.002,0.016,0.016,0.016,0.024,0.003,0.004,0,0.003,0.003,0.003,0,0,0,0,0,0,0,0.1,0.011,0.019,0.001,0.011,0.011,0.011,0,0,0,0,0,0,0,0,0,0,0,0,0,0,0,0,0,0,0,0,0,0.094,0.013,0.017,0.001,0.014,0.016,0.016,0.055,0.055,0,0.035,0.100856675,0.140997701,4717.41393,74.98555367,81.28894831,208.1991875,75.21525105,Inf,6161.570436,108.956033,74.89728956,14.05218772,14.05218772,197.0128102,18.45764251
30,3,300,63,402,299,402,426.3306141,43.77672536,skewed.3,1,0.875,0.783,0.802,0.764,0.79,0.791,0.791,0.086,0.029,0.033,0.017,0.029,0.029,0.029,0.056,0.013,0.017,0.01,0.013,0.013,0.013,0,0,0,0,0,0,0,0.087,0.027,0.034,0.019,0.03,0.03,0.03,0,0,0,0,0,0,0,0,0,0,0,0,0,0,0,0,0,0,0,0,0,0.084,0.027,0.033,0.018,0.028,0.028,0.028,0.063,0.063,0,0.054,0.09401868,0.113709882,4965.053155,34.66516177,33.56968311,166.652059,33.47463001,1803.218151,1297.299805,71.54620552,33.98106387,6.760048102,6.760048102,160.1209213,6.575427138
30,3,500,63,402,402,402,399.4652129,58.38451284,skewed.3,1,0.922,0.877,0.881,0.881,0.878,0.878,0.878,0.08,0.03,0.035,0.035,0.033,0.033,0.033,0.08,0.03,0.035,0.035,0.033,0.033,0.033,0,0,0,0,0,0,0,0.071,0.03,0.034,0.034,0.032,0.032,0.032,0.08,0.03,0.035,0.035,0.033,0.033,0.033,0.08,0.03,0.035,0.035,0.033,0.033,0.033,0.002,0,0,0,0,0,0,0.078,0.03,0.034,0.034,0.03,0.03,0.03,0.06,0.06,0,0.046,0.071663768,0.091835085,5686.784215,17.6645746,17.6645746,135.1568379,15.87673462,17.6645746,17.6645746,50.52439653,16.72954184,5.272788198,5.272788198,131.4055837,4.154769081
30,3,1000,63,402,402,402,375.8686193,87.40701892,skewed.3,1,0.937,0.914,0.92,0.92,0.918,0.918,0.918,0.068,0.047,0.049,0.049,0.047,0.047,0.047,0.068,0.047,0.049,0.049,0.047,0.047,0.047,0,0,0,0,0,0,0,0.057,0.036,0.04,0.04,0.037,0.038,0.038,0.068,0.047,0.049,0.049,0.047,0.047,0.047,0.068,0.047,0.049,0.049,0.047,0.047,0.047,0.008,0.004,0.004,0.004,0.004,0.004,0.004,0.061,0.041,0.045,0.045,0.043,0.043,0.043,0.059,0.059,0,0.051,0.052139191,0.057544623,6042.42957,4.34794207,4.34794207,88.11345626,2.933758919,4.34794207,4.34794207,26.575916,3.519456691,2.01270876,2.01270876,86.80384383,0.812191824