p,m,n,df,rank,distribution,eigenvalues,,,,,,,,,,,,,,,,,,,,,,,,,,,,,,,,,,,,,,,,,,,,,,,,,,,,,,,,,,,,,,,,,,,,,,,,,,,,,,,,,,,,,,,,,,,,,,,,,,,,,,,,,,,,,,,,,,,,,,,,,,,,,,,,,,,,,,,,,,,,,,,,,,,,,,,,,,,,,,,,,,,,,,,,,,,,,,,,,,,,,,,,,,,,,,,,,,,,,,,,,,,,,,,,,,,,,,,,,,,,,,,,,,,,,,,,,,,,,,,,,,,,,,,,,,,,,,,,,,,,,,,,,,,,,,,,,,,,,,,,,,,,,,,,,,,,,,,,,,,,,,,,,,,,,,,,,,,,,,,,,,,,,,,,,,,,,,,,,,,,,,,,,,,,,,,,,,,,,,,,,,,,,,,,,,,,,,,,,,,,,,,,,,,,,,,,,,,,,,,,,
5,1,1.00E+06,10,5,norm,1.01,1.002,1,0.998,0.995,,,,,,,,,,,,,,,,,,,,,,,,,,,,,,,,,,,,,,,,,,,,,,,,,,,,,,,,,,,,,,,,,,,,,,,,,,,,,,,,,,,,,,,,,,,,,,,,,,,,,,,,,,,,,,,,,,,,,,,,,,,,,,,,,,,,,,,,,,,,,,,,,,,,,,,,,,,,,,,,,,,,,,,,,,,,,,,,,,,,,,,,,,,,,,,,,,,,,,,,,,,,,,,,,,,,,,,,,,,,,,,,,,,,,,,,,,,,,,,,,,,,,,,,,,,,,,,,,,,,,,,,,,,,,,,,,,,,,,,,,,,,,,,,,,,,,,,,,,,,,,,,,,,,,,,,,,,,,,,,,,,,,,,,,,,,,,,,,,,,,,,,,,,,,,,,,,,,,,,,,,,,,,,,,,,,,,,,,,,,,,,,,,,,,,,,,,,,,
5,1,1.00E+06,10,5,enorm,3.498,3.389,2.993,2.743,2.637,,,,,,,,,,,,,,,,,,,,,,,,,,,,,,,,,,,,,,,,,,,,,,,,,,,,,,,,,,,,,,,,,,,,,,,,,,,,,,,,,,,,,,,,,,,,,,,,,,,,,,,,,,,,,,,,,,,,,,,,,,,,,,,,,,,,,,,,,,,,,,,,,,,,,,,,,,,,,,,,,,,,,,,,,,,,,,,,,,,,,,,,,,,,,,,,,,,,,,,,,,,,,,,,,,,,,,,,,,,,,,,,,,,,,,,,,,,,,,,,,,,,,,,,,,,,,,,,,,,,,,,,,,,,,,,,,,,,,,,,,,,,,,,,,,,,,,,,,,,,,,,,,,,,,,,,,,,,,,,,,,,,,,,,,,,,,,,,,,,,,,,,,,,,,,,,,,,,,,,,,,,,,,,,,,,,,,,,,,,,,,,,,,,,,,,,,,,,,
5,1,1.00E+06,10,5,skew.1,3.751,3.013,2.836,2.715,2.614,,,,,,,,,,,,,,,,,,,,,,,,,,,,,,,,,,,,,,,,,,,,,,,,,,,,,,,,,,,,,,,,,,,,,,,,,,,,,,,,,,,,,,,,,,,,,,,,,,,,,,,,,,,,,,,,,,,,,,,,,,,,,,,,,,,,,,,,,,,,,,,,,,,,,,,,,,,,,,,,,,,,,,,,,,,,,,,,,,,,,,,,,,,,,,,,,,,,,,,,,,,,,,,,,,,,,,,,,,,,,,,,,,,,,,,,,,,,,,,,,,,,,,,,,,,,,,,,,,,,,,,,,,,,,,,,,,,,,,,,,,,,,,,,,,,,,,,,,,,,,,,,,,,,,,,,,,,,,,,,,,,,,,,,,,,,,,,,,,,,,,,,,,,,,,,,,,,,,,,,,,,,,,,,,,,,,,,,,,,,,,,,,,,,,,,,,,,,,
15,3,1.00E+06,33,87,norm,1.024,1.021,1.021,1.02,1.02,1.019,1.018,1.017,1.016,1.016,1.015,1.014,1.014,1.013,1.013,1.012,1.011,1.011,1.01,1.01,1.01,1.009,1.009,1.008,1.008,1.008,1.007,1.007,1.006,1.006,1.006,1.005,1.005,1.004,1.004,1.003,1.003,1.002,1.002,1.001,1.001,1.001,1,1,0.999,0.999,0.999,0.998,0.998,0.997,0.997,0.997,0.996,0.996,0.996,0.995,0.995,0.995,0.994,0.993,0.993,0.992,0.992,0.991,0.991,0.99,0.99,0.99,0.989,0.989,0.988,0.988,0.987,0.987,0.986,0.985,0.985,0.985,0.984,0.984,0.983,0.982,0.982,0.981,0.98,0.978,0.977,,,,,,,,,,,,,,,,,,,,,,,,,,,,,,,,,,,,,,,,,,,,,,,,,,,,,,,,,,,,,,,,,,,,,,,,,,,,,,,,,,,,,,,,,,,,,,,,,,,,,,,,,,,,,,,,,,,,,,,,,,,,,,,,,,,,,,,,,,,,,,,,,,,,,,,,,,,,,,,,,,,,,,,,,,,,,,,,,,,,,,,,,,,,,,,,,,,,,,,,,,,,,,,,,,,,,,,,,,,,,,,,,,,,,,,,,,,,,,,,,,,,,,,,,,,,,,,,,,,,,,,,,,,,,,,,,,,,,,,,,,,,,,,,,,,,,,,,,,,,,,,,,,,,,,,,,,,
15,3,1.00E+06,33,87,enorm,18.241,8.434,6.843,6.021,5.647,5.447,4.685,4.568,4.355,4.247,4.192,3.809,3.762,3.643,3.543,3.43,3.349,3.276,3.21,3.187,3.171,3.146,3.106,3.051,3.003,2.975,2.949,2.924,2.872,2.849,2.826,2.799,2.795,2.769,2.756,2.733,2.715,2.702,2.692,2.683,2.658,2.653,2.623,2.606,2.584,2.579,2.568,2.558,2.542,2.532,2.52,2.495,2.481,2.473,2.462,2.459,2.451,2.438,2.437,2.427,2.404,2.396,2.386,2.379,2.371,2.367,2.361,2.347,2.341,2.334,2.32,2.314,2.294,2.292,2.285,2.28,2.271,2.254,2.244,2.231,2.225,2.221,2.209,2.179,2.172,2.158,2.142,,,,,,,,,,,,,,,,,,,,,,,,,,,,,,,,,,,,,,,,,,,,,,,,,,,,,,,,,,,,,,,,,,,,,,,,,,,,,,,,,,,,,,,,,,,,,,,,,,,,,,,,,,,,,,,,,,,,,,,,,,,,,,,,,,,,,,,,,,,,,,,,,,,,,,,,,,,,,,,,,,,,,,,,,,,,,,,,,,,,,,,,,,,,,,,,,,,,,,,,,,,,,,,,,,,,,,,,,,,,,,,,,,,,,,,,,,,,,,,,,,,,,,,,,,,,,,,,,,,,,,,,,,,,,,,,,,,,,,,,,,,,,,,,,,,,,,,,,,,,,,,,,,,,,,,,,,,
15,3,1.00E+06,33,87,skew.1,1069.847,33.903,9.742,7.679,6.444,5.67,4.995,4.833,4.48,3.925,3.827,3.727,3.497,3.4,3.383,3.233,3.172,3.139,3.07,3.028,2.983,2.909,2.869,2.855,2.817,2.806,2.768,2.732,2.694,2.674,2.663,2.647,2.635,2.595,2.577,2.562,2.543,2.512,2.511,2.501,2.47,2.468,2.445,2.425,2.415,2.404,2.398,2.384,2.366,2.354,2.345,2.333,2.325,2.311,2.295,2.283,2.277,2.268,2.249,2.24,2.219,2.217,2.211,2.196,2.191,2.184,2.171,2.155,2.143,2.139,2.134,2.119,2.112,2.099,2.091,2.079,2.074,2.061,2.047,2.033,2.03,2.01,1.991,1.976,1.971,1.951,1.93,,,,,,,,,,,,,,,,,,,,,,,,,,,,,,,,,,,,,,,,,,,,,,,,,,,,,,,,,,,,,,,,,,,,,,,,,,,,,,,,,,,,,,,,,,,,,,,,,,,,,,,,,,,,,,,,,,,,,,,,,,,,,,,,,,,,,,,,,,,,,,,,,,,,,,,,,,,,,,,,,,,,,,,,,,,,,,,,,,,,,,,,,,,,,,,,,,,,,,,,,,,,,,,,,,,,,,,,,,,,,,,,,,,,,,,,,,,,,,,,,,,,,,,,,,,,,,,,,,,,,,,,,,,,,,,,,,,,,,,,,,,,,,,,,,,,,,,,,,,,,,,,,,,,,,,,,,,
15,3,1.00E+06,33,87,skew.2,3.305,3.161,3.121,3.012,2.968,2.485,2.195,2.146,2.132,2.104,2.089,2.064,2.05,2.044,2.037,2.02,2.014,1.998,1.993,1.98,1.961,1.96,1.953,1.946,1.937,1.933,1.922,1.919,1.899,1.893,1.887,1.882,1.86,1.845,1.088,1.076,1.059,1.055,1.052,1.05,1.041,1.039,1.036,1.034,1.031,1.029,1.028,1.023,1.021,1.019,1.018,1.017,1.015,1.013,1.008,1.007,1.006,1.005,1.004,1.002,1,0.999,0.997,0.996,0.994,0.993,0.991,0.99,0.989,0.987,0.986,0.985,0.981,0.979,0.978,0.976,0.973,0.972,0.97,0.968,0.965,0.963,0.961,0.959,0.957,0.955,0.952,,,,,,,,,,,,,,,,,,,,,,,,,,,,,,,,,,,,,,,,,,,,,,,,,,,,,,,,,,,,,,,,,,,,,,,,,,,,,,,,,,,,,,,,,,,,,,,,,,,,,,,,,,,,,,,,,,,,,,,,,,,,,,,,,,,,,,,,,,,,,,,,,,,,,,,,,,,,,,,,,,,,,,,,,,,,,,,,,,,,,,,,,,,,,,,,,,,,,,,,,,,,,,,,,,,,,,,,,,,,,,,,,,,,,,,,,,,,,,,,,,,,,,,,,,,,,,,,,,,,,,,,,,,,,,,,,,,,,,,,,,,,,,,,,,,,,,,,,,,,,,,,,,,,,,,,,,,
15,3,1.00E+06,33,87,skew.3,3.296,3.154,3.113,3.009,2.963,1.557,1.525,1.493,1.476,1.471,1.451,1.443,1.44,1.437,1.423,1.416,1.414,1.406,1.394,1.39,1.386,1.383,1.381,1.374,1.371,1.369,1.364,1.357,1.352,1.343,1.339,1.337,1.328,1.319,1.094,1.076,1.06,1.057,1.053,1.05,1.042,1.037,1.033,1.029,1.026,1.023,1.022,1.02,1.018,1.016,1.015,1.013,1.012,1.01,1.009,1.007,1.007,1.004,1.004,1.002,0.999,0.998,0.996,0.995,0.994,0.993,0.992,0.989,0.988,0.987,0.987,0.984,0.983,0.982,0.979,0.978,0.975,0.971,0.971,0.97,0.968,0.964,0.961,0.961,0.958,0.957,0.95,,,,,,,,,,,,,,,,,,,,,,,,,,,,,,,,,,,,,,,,,,,,,,,,,,,,,,,,,,,,,,,,,,,,,,,,,,,,,,,,,,,,,,,,,,,,,,,,,,,,,,,,,,,,,,,,,,,,,,,,,,,,,,,,,,,,,,,,,,,,,,,,,,,,,,,,,,,,,,,,,,,,,,,,,,,,,,,,,,,,,,,,,,,,,,,,,,,,,,,,,,,,,,,,,,,,,,,,,,,,,,,,,,,,,,,,,,,,,,,,,,,,,,,,,,,,,,,,,,,,,,,,,,,,,,,,,,,,,,,,,,,,,,,,,,,,,,,,,,,,,,,,,,,,,,,,,,,
30,3,1.00E+05,63,402,norm,1.148,1.145,1.142,1.139,1.137,1.135,1.134,1.133,1.132,1.13,1.129,1.127,1.126,1.125,1.124,1.123,1.122,1.121,1.12,1.118,1.117,1.116,1.115,1.114,1.113,1.112,1.112,1.111,1.109,1.107,1.106,1.106,1.104,1.103,1.103,1.102,1.102,1.101,1.101,1.099,1.098,1.098,1.097,1.097,1.096,1.095,1.094,1.093,1.092,1.091,1.09,1.09,1.089,1.089,1.088,1.087,1.086,1.085,1.085,1.083,1.083,1.082,1.081,1.081,1.08,1.079,1.078,1.078,1.078,1.077,1.077,1.076,1.075,1.075,1.074,1.073,1.073,1.072,1.072,1.071,1.07,1.069,1.068,1.068,1.067,1.067,1.066,1.066,1.065,1.064,1.064,1.063,1.062,1.062,1.061,1.06,1.059,1.059,1.058,1.058,1.058,1.056,1.056,1.055,1.055,1.054,1.053,1.053,1.052,1.051,1.05,1.05,1.049,1.049,1.048,1.048,1.047,1.047,1.046,1.046,1.045,1.045,1.044,1.043,1.042,1.041,1.041,1.04,1.04,1.039,1.038,1.037,1.037,1.036,1.036,1.036,1.035,1.035,1.034,1.034,1.033,1.033,1.033,1.032,1.03,1.03,1.029,1.029,1.028,1.027,1.027,1.027,1.026,1.025,1.024,1.024,1.023,1.023,1.022,1.022,1.022,1.021,1.02,1.019,1.019,1.018,1.018,1.018,1.017,1.016,1.015,1.014,1.014,1.014,1.014,1.012,1.012,1.012,1.011,1.01,1.009,1.009,1.009,1.009,1.007,1.006,1.006,1.005,1.005,1.005,1.004,1.004,1.003,1.003,1.002,1.001,1,1,0.999,0.999,0.998,0.998,0.997,0.996,0.995,0.995,0.995,0.993,0.993,0.993,0.992,0.991,0.991,0.991,0.99,0.99,0.989,0.988,0.988,0.987,0.986,0.986,0.985,0.985,0.984,0.984,0.983,0.983,0.982,0.981,0.981,0.98,0.98,0.98,0.979,0.979,0.978,0.977,0.977,0.976,0.976,0.975,0.974,0.974,0.974,0.973,0.973,0.972,0.972,0.972,0.971,0.971,0.97,0.969,0.968,0.968,0.967,0.967,0.966,0.965,0.965,0.964,0.964,0.963,0.963,0.962,0.962,0.961,0.961,0.96,0.96,0.959,0.959,0.958,0.957,0.957,0.956,0.956,0.955,0.955,0.954,0.954,0.953,0.952,0.952,0.951,0.951,0.949,0.949,0.948,0.948,0.947,0.947,0.946,0.946,0.945,0.945,0.944,0.943,0.943,0.942,0.941,0.941,0.941,0.94,0.939,0.939,0.938,0.938,0.937,0.936,0.935,0.935,0.934,0.934,0.933,0.933,0.932,0.931,0.931,0.93,0.93,0.929,0.929,0.928,0.927,0.927,0.926,0.926,0.925,0.924,0.924,0.924,0.922,0.922,0.921,0.921,0.919,0.919,0.918,0.918,0.917,0.916,0.915,0.915,0.914,0.914,0.913,0.912,0.912,0.911,0.911,0.909,0.909,0.909,0.908,0.906,0.906,0.905,0.905,0.904,0.904,0.903,0.902,0.902,0.901,0.9,0.9,0.9,0.899,0.898,0.898,0.896,0.895,0.894,0.894,0.893,0.892,0.891,0.891,0.89,0.889,0.888,0.887,0.887,0.886,0.885,0.884,0.883,0.881,0.879,0.878,0.877,0.876,0.875,0.874,0.871,0.87,0.868,0.867,0.865,0.861
30,3,1.00E+05,63,402,enorm,46.046,30.501,19.537,16.453,14.023,9.648,8.742,8.136,7.487,7.107,6.731,6.543,6.376,6.119,5.73,5.588,5.492,5.31,5.27,5.237,5.168,5.147,4.895,4.817,4.677,4.613,4.503,4.498,4.395,4.308,4.223,4.186,4.16,4.124,4.082,4.027,3.986,3.961,3.9,3.882,3.784,3.772,3.73,3.712,3.655,3.626,3.606,3.563,3.543,3.511,3.508,3.498,3.452,3.435,3.42,3.415,3.396,3.375,3.364,3.326,3.308,3.28,3.244,3.238,3.224,3.216,3.198,3.165,3.154,3.143,3.114,3.112,3.093,3.083,3.055,3.044,3.018,3.012,2.989,2.981,2.966,2.958,2.946,2.944,2.917,2.908,2.891,2.87,2.862,2.852,2.832,2.824,2.806,2.796,2.772,2.764,2.75,2.748,2.737,2.735,2.712,2.71,2.696,2.688,2.685,2.667,2.658,2.656,2.646,2.634,2.627,2.617,2.608,2.588,2.575,2.566,2.556,2.551,2.544,2.538,2.518,2.516,2.513,2.498,2.487,2.482,2.481,2.47,2.46,2.445,2.44,2.437,2.427,2.419,2.415,2.411,2.405,2.389,2.383,2.378,2.371,2.365,2.356,2.349,2.336,2.333,2.329,2.327,2.317,2.304,2.3,2.295,2.289,2.287,2.282,2.274,2.268,2.263,2.259,2.255,2.244,2.235,2.234,2.226,2.222,2.216,2.214,2.206,2.198,2.196,2.189,2.185,2.173,2.167,2.166,2.16,2.148,2.138,2.129,2.127,2.125,2.12,2.114,2.112,2.103,2.098,2.094,2.09,2.082,2.076,2.069,2.067,2.066,2.058,2.051,2.049,2.046,2.043,2.034,2.032,2.028,2.023,2.022,2.015,2.01,2.002,1.999,1.993,1.989,1.984,1.977,1.976,1.974,1.966,1.962,1.954,1.947,1.942,1.94,1.934,1.931,1.929,1.925,1.923,1.92,1.917,1.916,1.908,1.902,1.9,1.896,1.889,1.884,1.882,1.881,1.874,1.873,1.869,1.865,1.862,1.858,1.853,1.849,1.846,1.84,1.836,1.835,1.829,1.828,1.825,1.819,1.817,1.813,1.811,1.806,1.802,1.799,1.796,1.794,1.792,1.784,1.782,1.778,1.775,1.765,1.763,1.761,1.757,1.752,1.746,1.744,1.737,1.736,1.734,1.73,1.726,1.721,1.721,1.713,1.709,1.708,1.706,1.703,1.702,1.694,1.691,1.688,1.684,1.681,1.676,1.674,1.67,1.668,1.665,1.665,1.658,1.656,1.651,1.65,1.646,1.643,1.64,1.637,1.632,1.629,1.628,1.623,1.618,1.618,1.616,1.613,1.609,1.607,1.605,1.597,1.593,1.589,1.589,1.583,1.579,1.577,1.574,1.571,1.567,1.564,1.563,1.558,1.555,1.552,1.55,1.546,1.54,1.538,1.536,1.528,1.527,1.522,1.521,1.52,1.517,1.513,1.512,1.507,1.505,1.5,1.497,1.491,1.489,1.486,1.481,1.481,1.478,1.478,1.475,1.47,1.467,1.462,1.459,1.458,1.454,1.452,1.449,1.444,1.439,1.434,1.43,1.427,1.423,1.421,1.419,1.417,1.413,1.409,1.405,1.4,1.399,1.396,1.393,1.391,1.385,1.38,1.376,1.371,1.367,1.362,1.358,1.357,1.356,1.35,1.343,1.339,1.338,1.335,1.329,1.326,1.323,1.314,1.313,1.297,1.295,1.29,1.282
30,3,1.00E+06,63,402,skew.1,96.659,27.327,21.807,11.665,9.672,9.497,8.671,8.234,8.01,6.592,6.327,6.22,5.947,5.872,5.711,5.552,5.396,5.228,5.115,5.079,4.987,4.775,4.648,4.6,4.52,4.471,4.439,4.29,4.234,4.203,4.149,4.089,4.052,3.96,3.902,3.893,3.839,3.794,3.776,3.735,3.725,3.704,3.644,3.61,3.522,3.5,3.475,3.468,3.438,3.399,3.393,3.343,3.316,3.306,3.283,3.27,3.262,3.226,3.211,3.196,3.175,3.165,3.151,3.128,3.125,3.107,3.098,3.081,3.073,3.058,3.044,3.029,3.02,2.998,2.976,2.969,2.956,2.948,2.935,2.926,2.908,2.903,2.889,2.888,2.87,2.863,2.855,2.842,2.83,2.823,2.822,2.807,2.791,2.789,2.785,2.775,2.773,2.76,2.753,2.742,2.739,2.731,2.721,2.714,2.703,2.695,2.694,2.685,2.673,2.671,2.667,2.666,2.654,2.648,2.644,2.642,2.631,2.631,2.62,2.608,2.6,2.597,2.594,2.589,2.582,2.581,2.572,2.568,2.566,2.559,2.552,2.549,2.543,2.535,2.532,2.526,2.52,2.517,2.508,2.497,2.495,2.492,2.489,2.482,2.478,2.473,2.47,2.469,2.459,2.458,2.453,2.451,2.445,2.443,2.439,2.436,2.431,2.427,2.421,2.417,2.412,2.405,2.399,2.397,2.396,2.389,2.386,2.383,2.379,2.372,2.368,2.364,2.363,2.355,2.352,2.351,2.345,2.34,2.337,2.331,2.328,2.326,2.325,2.322,2.318,2.317,2.316,2.31,2.306,2.304,2.299,2.295,2.29,2.287,2.283,2.281,2.279,2.275,2.27,2.268,2.262,2.26,2.255,2.251,2.245,2.242,2.24,2.238,2.236,2.231,2.228,2.224,2.221,2.217,2.215,2.211,2.208,2.206,2.204,2.199,2.197,2.193,2.187,2.185,2.183,2.183,2.181,2.174,2.171,2.166,2.165,2.161,2.16,2.158,2.154,2.152,2.151,2.148,2.146,2.143,2.14,2.138,2.134,2.133,2.131,2.127,2.126,2.122,2.119,2.116,2.112,2.108,2.104,2.102,2.1,2.096,2.096,2.093,2.092,2.089,2.086,2.08,2.079,2.078,2.076,2.071,2.069,2.067,2.065,2.063,2.062,2.058,2.056,2.053,2.05,2.048,2.046,2.044,2.04,2.039,2.034,2.032,2.031,2.025,2.024,2.023,2.021,2.018,2.015,2.011,2.007,2.005,2.004,2.001,1.998,1.998,1.994,1.992,1.991,1.989,1.987,1.983,1.982,1.978,1.977,1.974,1.972,1.97,1.968,1.965,1.962,1.96,1.958,1.957,1.953,1.949,1.948,1.945,1.944,1.942,1.942,1.939,1.938,1.933,1.933,1.93,1.929,1.925,1.921,1.918,1.914,1.912,1.911,1.91,1.908,1.907,1.903,1.9,1.895,1.894,1.892,1.89,1.889,1.886,1.882,1.881,1.879,1.876,1.874,1.871,1.869,1.866,1.864,1.861,1.86,1.858,1.855,1.854,1.851,1.85,1.845,1.841,1.839,1.838,1.836,1.834,1.831,1.829,1.826,1.825,1.821,1.821,1.816,1.815,1.813,1.808,1.806,1.802,1.8,1.798,1.793,1.791,1.785,1.784,1.782,1.778,1.775,1.772,1.77,1.764,1.762,1.761,1.755,1.753,1.749,1.748,1.744,1.738,1.736,1.732,1.728,1.717
30,3,1.00E+06,63,402,skew.2,3.517,3.386,3.285,3.265,3.245,3.233,3.199,3.181,3.159,3.106,3.099,3.088,3.074,3.061,3.036,3.024,3.015,3.006,2.963,2.957,2.939,2.93,2.922,2.902,2.89,2.869,2.852,2.846,2.831,2.798,2.784,2.768,2.76,2.741,2.68,2.357,2.348,2.311,2.269,2.255,2.251,2.249,2.237,2.222,2.213,2.211,2.196,2.19,2.182,2.177,2.174,2.17,2.158,2.151,2.15,2.146,2.135,2.131,2.124,2.123,2.119,2.116,2.113,2.106,2.101,2.097,2.095,2.088,2.085,2.081,2.077,2.075,2.072,2.071,2.067,2.065,2.058,2.055,2.054,2.049,2.045,2.042,2.04,2.037,2.032,2.029,2.025,2.023,2.02,2.016,2.016,2.01,2.008,2.001,2,1.997,1.994,1.992,1.99,1.989,1.985,1.978,1.975,1.973,1.968,1.967,1.965,1.963,1.959,1.957,1.951,1.949,1.947,1.944,1.941,1.938,1.935,1.933,1.93,1.926,1.922,1.92,1.919,1.917,1.913,1.907,1.904,1.904,1.9,1.898,1.894,1.893,1.89,1.886,1.885,1.88,1.874,1.873,1.871,1.867,1.865,1.863,1.86,1.855,1.852,1.85,1.848,1.845,1.838,1.838,1.837,1.835,1.829,1.824,1.822,1.819,1.816,1.811,1.81,1.809,1.801,1.794,1.793,1.787,1.785,1.779,1.773,1.752,1.75,1.106,1.098,1.096,1.087,1.086,1.082,1.077,1.076,1.074,1.072,1.07,1.069,1.067,1.066,1.065,1.063,1.063,1.061,1.061,1.06,1.059,1.059,1.057,1.056,1.055,1.055,1.054,1.053,1.051,1.05,1.049,1.049,1.047,1.047,1.046,1.045,1.044,1.044,1.043,1.042,1.042,1.041,1.04,1.04,1.038,1.037,1.036,1.036,1.035,1.035,1.034,1.034,1.033,1.032,1.031,1.031,1.03,1.029,1.029,1.028,1.027,1.027,1.026,1.026,1.025,1.024,1.024,1.023,1.023,1.022,1.022,1.021,1.021,1.02,1.019,1.018,1.018,1.017,1.017,1.016,1.016,1.015,1.015,1.014,1.014,1.013,1.013,1.012,1.011,1.011,1.01,1.01,1.009,1.009,1.008,1.007,1.007,1.006,1.006,1.005,1.005,1.004,1.004,1.003,1.003,1.002,1.001,1,1,1,0.999,0.998,0.998,0.998,0.997,0.997,0.996,0.996,0.995,0.995,0.994,0.993,0.993,0.992,0.992,0.991,0.991,0.99,0.99,0.989,0.988,0.988,0.988,0.987,0.987,0.986,0.986,0.985,0.985,0.985,0.984,0.983,0.982,0.982,0.981,0.981,0.981,0.98,0.98,0.979,0.978,0.978,0.977,0.977,0.976,0.975,0.975,0.975,0.975,0.974,0.974,0.973,0.973,0.972,0.971,0.97,0.97,0.97,0.97,0.969,0.968,0.968,0.967,0.967,0.966,0.966,0.965,0.965,0.963,0.963,0.963,0.962,0.961,0.961,0.959,0.959,0.959,0.958,0.958,0.957,0.956,0.956,0.955,0.954,0.954,0.953,0.953,0.952,0.952,0.951,0.95,0.949,0.948,0.948,0.947,0.946,0.946,0.945,0.944,0.943,0.942,0.941,0.94,0.94,0.938,0.938,0.938,0.936,0.936,0.934,0.934,0.933,0.931,0.93,0.93,0.929,0.927,0.925,0.924,0.923,0.921,0.919,0.914
30,3,1.00E+06,63,402,skew.3,3.489,3.376,3.273,3.254,3.229,3.222,3.186,3.165,3.144,3.094,3.086,3.077,3.063,3.048,3.025,3.008,3.005,2.991,2.952,2.944,2.925,2.914,2.912,2.886,2.875,2.858,2.837,2.833,2.815,2.786,2.767,2.752,2.746,2.728,2.668,1.612,1.592,1.566,1.561,1.557,1.544,1.539,1.532,1.528,1.523,1.52,1.516,1.512,1.506,1.504,1.502,1.499,1.494,1.491,1.489,1.487,1.48,1.478,1.476,1.475,1.474,1.469,1.468,1.466,1.466,1.462,1.459,1.458,1.456,1.454,1.452,1.449,1.448,1.445,1.443,1.44,1.439,1.437,1.435,1.434,1.434,1.431,1.429,1.429,1.427,1.424,1.421,1.42,1.419,1.415,1.414,1.412,1.411,1.409,1.408,1.406,1.405,1.404,1.402,1.4,1.398,1.395,1.392,1.391,1.39,1.388,1.387,1.386,1.385,1.382,1.381,1.38,1.379,1.375,1.374,1.372,1.371,1.369,1.368,1.365,1.363,1.361,1.359,1.358,1.357,1.356,1.354,1.354,1.35,1.349,1.347,1.344,1.343,1.339,1.338,1.337,1.335,1.335,1.333,1.33,1.328,1.327,1.325,1.324,1.321,1.32,1.319,1.317,1.316,1.313,1.31,1.307,1.304,1.302,1.3,1.298,1.297,1.296,1.295,1.289,1.286,1.283,1.281,1.279,1.274,1.27,1.265,1.26,1.253,1.101,1.091,1.088,1.084,1.078,1.075,1.071,1.07,1.067,1.065,1.064,1.063,1.063,1.06,1.06,1.059,1.058,1.057,1.055,1.055,1.054,1.053,1.053,1.052,1.05,1.049,1.048,1.047,1.046,1.046,1.045,1.044,1.044,1.043,1.043,1.042,1.041,1.04,1.04,1.039,1.038,1.037,1.037,1.036,1.035,1.035,1.035,1.034,1.033,1.033,1.032,1.031,1.03,1.03,1.029,1.029,1.028,1.028,1.028,1.027,1.027,1.026,1.025,1.025,1.024,1.024,1.022,1.022,1.022,1.021,1.021,1.02,1.019,1.019,1.018,1.018,1.017,1.016,1.015,1.015,1.015,1.015,1.014,1.014,1.013,1.012,1.012,1.012,1.011,1.01,1.01,1.009,1.008,1.008,1.008,1.007,1.007,1.006,1.005,1.005,1.005,1.004,1.004,1.003,1.003,1.002,1.002,1.001,1.001,1,1,1,0.999,0.999,0.998,0.998,0.997,0.997,0.996,0.996,0.995,0.995,0.994,0.994,0.993,0.993,0.992,0.992,0.992,0.991,0.99,0.99,0.99,0.989,0.989,0.988,0.988,0.988,0.987,0.986,0.986,0.986,0.985,0.985,0.984,0.984,0.983,0.983,0.982,0.982,0.981,0.981,0.98,0.98,0.98,0.979,0.979,0.978,0.978,0.977,0.976,0.976,0.976,0.975,0.975,0.974,0.974,0.973,0.973,0.972,0.971,0.971,0.971,0.97,0.97,0.969,0.969,0.969,0.968,0.967,0.967,0.967,0.966,0.966,0.964,0.964,0.963,0.963,0.962,0.962,0.96,0.96,0.96,0.96,0.959,0.958,0.958,0.957,0.957,0.956,0.956,0.955,0.954,0.954,0.953,0.952,0.951,0.95,0.95,0.95,0.949,0.948,0.947,0.946,0.946,0.944,0.943,0.942,0.942,0.94,0.939,0.937,0.937,0.935,0.935,0.933,0.932,0.929,0.928,0.927,0.925,0.922,0.917